inference_id,time,image,predictions
90bf47c7-8ac9-495b-a12b-2ac6e888a18e,0.06110278699998162,"{'width': 994, 'height': 520}","[{'x': 881.0, 'y': 232.0, 'width': 116.0, 'height': 68.0, 'confidence': 0.4581139385700226, 'class': 'can', 'class_id': 0, 'detection_id': '3174cee7-e2c9-4ffe-9d11-e86fc0f6b557'}]"
8265757b-fbf1-42af-a9e2-60912fadf2d8,0.06503543500002706,"{'width': 994, 'height': 520}","[{'x': 881.5, 'y': 232.0, 'width': 115.0, 'height': 68.0, 'confidence': 0.47035762667655945, 'class': 'can', 'class_id': 0, 'detection_id': '6e083cf6-e711-4079-96e2-6ef3fc9950f6'}]"
38ab80c2-41fd-4e6d-bac7-e4103da2eff5,0.06128359299964359,"{'width': 994, 'height': 520}","[{'x': 881.0, 'y': 232.5, 'width': 118.0, 'height': 69.0, 'confidence': 0.4500952661037445, 'class': 'can', 'class_id': 0, 'detection_id': '26370b35-66f4-4016-8192-d980eb9acd89'}]"
b4bc5d7d-389e-4de1-a21b-8b5ff205bac7,0.06071460300063336,"{'width': 994, 'height': 520}","[{'x': 880.5, 'y': 232.5, 'width': 119.0, 'height': 69.0, 'confidence': 0.44308987259864807, 'class': 'can', 'class_id': 0, 'detection_id': '63d5b352-98f7-4417-b3b4-86d83813cd7d'}]"
7f21c295-fdc4-4d51-b9a4-2605a0cffb71,0.06582874099990477,"{'width': 994, 'height': 520}",[]
5ae1b125-c432-4821-bb5a-25e77dac09e1,0.06272312399960356,"{'width': 994, 'height': 520}",[]
cf786f2f-90ab-4c26-b8c2-154dba40d45c,0.07183007499997984,"{'width': 994, 'height': 520}",[]
3dbc4f4b-74f2-4874-aa63-dea25bf31792,0.06951569700004256,"{'width': 994, 'height': 520}",[]
f7eb47a9-2476-4bb5-9e78-5e4fb9782b1d,0.07251296200001889,"{'width': 994, 'height': 520}",[]
1045fba3-74ed-4cd1-9afc-9fbe7b694d87,0.07300539299990305,"{'width': 994, 'height': 520}",[]
9f2093a9-1ae7-4607-a864-fa491672134a,0.06756527300012749,"{'width': 994, 'height': 520}",[]
7c7bfa4e-5936-4e9b-a854-b4fd3a034551,0.0667467419998502,"{'width': 994, 'height': 520}",[]
007fd04b-37f5-4d51-a1bf-1ff631fbabc5,0.07393782400004056,"{'width': 994, 'height': 520}",[]
edaa0c02-4ac4-42b6-bb97-119f662b482b,0.06459619299994301,"{'width': 994, 'height': 520}",[]
fdbd6c5e-fa5b-463b-b0fe-c4f47af6f38b,0.06999231500003589,"{'width': 994, 'height': 520}",[]
a89b1c9a-2082-4f0c-ac47-90bf921bc65e,0.07271764600000097,"{'width': 994, 'height': 520}",[]
46369885-d30c-43c7-9132-754396021f04,0.06708177000018622,"{'width': 994, 'height': 520}",[]
213ed916-38c4-4002-a433-ccd42166a3f4,0.06414950600037628,"{'width': 994, 'height': 520}",[]
42b64742-8fb5-417b-a0bd-2f8ffbe38cb8,0.0737320850003016,"{'width': 994, 'height': 520}",[]
5aebfe4f-5a0b-4c24-921d-bd0b238afb4e,0.06994454100004077,"{'width': 994, 'height': 520}",[]
c0753356-7eb9-407a-a5f9-4f0d9238e65e,0.06918257500001346,"{'width': 994, 'height': 520}",[]
2320a80c-3468-42b1-a60b-b31172feca3d,0.0735208389996842,"{'width': 994, 'height': 520}",[]
885e814d-b0d7-4ca6-a20c-51662fbd8df0,0.06475518600018404,"{'width': 994, 'height': 520}",[]
827a0609-0cf1-472c-ad05-29700f76e6f9,0.06307092799988823,"{'width': 994, 'height': 520}",[]
f53ad5a9-581d-4be2-bafe-7bffe7d20fb1,0.07213009999986753,"{'width': 994, 'height': 520}",[]
4b0490d7-27bd-4f87-b6b1-795a81d22712,0.06533031600019967,"{'width': 994, 'height': 520}",[]
801ce9a4-7d82-42e5-a1b5-6228d2f1806a,0.06487913299997672,"{'width': 994, 'height': 520}",[]
9b70d2bb-c3aa-408c-ac0c-303d68d6683e,0.06395396400012032,"{'width': 994, 'height': 520}",[]
8d80157d-7dbe-4dce-95df-cf562cdc27a3,0.06737945099985154,"{'width': 994, 'height': 520}",[]
0bf232dd-cb54-425d-afb3-4b6b04421eca,0.06934680799986381,"{'width': 994, 'height': 520}",[]
9e564b68-9c14-4132-a7b8-32f923954927,0.0934317330002159,"{'width': 994, 'height': 520}",[]
52fd9e73-a6e5-408c-98b3-775b28d3cb9d,0.06477663600026062,"{'width': 994, 'height': 520}",[]
fe8f5682-f110-4056-bfa5-5b4784f28e69,0.07527475400002004,"{'width': 994, 'height': 520}",[]
9efadbeb-e30f-4ab9-a129-ce7902effea6,0.0636230869999963,"{'width': 994, 'height': 520}",[]
56c67cd4-c42a-47ec-97af-1137458f89c2,0.06880648200012729,"{'width': 994, 'height': 520}",[]
8de5e64e-8222-479f-b34e-86185cad959c,0.06343176199970912,"{'width': 994, 'height': 520}",[]
d58c0680-d261-4d80-b642-7f9a1c1707e5,0.06913232600027186,"{'width': 994, 'height': 520}",[]
e9f935b7-f799-40a9-8473-445859e335ba,0.07030581300023186,"{'width': 994, 'height': 520}",[]
fb5f7c84-f9e8-46aa-8ed5-6c617fe4643c,0.06532804800008307,"{'width': 994, 'height': 520}",[]
b504f408-74c3-49c9-aa86-d1fce214ce78,0.08919065700001738,"{'width': 994, 'height': 520}",[]
35c0685c-0c63-4ff3-b5e2-cd50d062a503,0.06410920300004364,"{'width': 994, 'height': 520}",[]
70bef89c-7b33-40ab-a8a7-65e20b9a4b96,0.07603039400009948,"{'width': 994, 'height': 520}",[]
788122d3-6931-4056-b946-e0fa9ea9cfea,0.07499663099997633,"{'width': 994, 'height': 520}","[{'x': 886.0, 'y': 231.0, 'width': 118.0, 'height': 72.0, 'confidence': 0.4546732008457184, 'class': 'can', 'class_id': 0, 'detection_id': '4c49abab-c923-40a0-bb91-8123c70bd21f'}]"
0f59fe70-4693-41a9-964b-ee45bae07c16,0.06870058500044252,"{'width': 994, 'height': 520}",[]
a7ec1978-c8df-4a91-972c-c1fc0f399fef,0.07707452699969508,"{'width': 994, 'height': 520}",[]
913a646e-35d1-4edc-87dd-2801d57e8ee6,0.0843748360000518,"{'width': 994, 'height': 520}",[]
d45201d2-0126-4589-a90a-bdb1aa0359c0,0.08115194700008033,"{'width': 994, 'height': 520}",[]
a0318a1f-4844-4573-aa5a-fe9894c4c219,0.08211001600011514,"{'width': 994, 'height': 520}",[]
bb72c914-ff11-4c55-93d2-57ffe8bdafe9,0.07755504200008545,"{'width': 994, 'height': 520}",[]
dd225807-13f0-442b-b777-4e37b415f6ab,0.07288081799993051,"{'width': 994, 'height': 520}",[]
976aaa8e-4986-4c0d-9e0e-f957ad2a65e3,0.08342022500005442,"{'width': 994, 'height': 520}",[]
20773252-8dff-4370-a4df-ad4614261f3d,0.08138597199990727,"{'width': 994, 'height': 520}",[]
99703ae9-d228-4081-9f07-f63d48f6632c,0.06738181299988355,"{'width': 994, 'height': 520}",[]
60feb0ae-eac0-4ea8-8ceb-c0d98a2a999a,0.0760349029999361,"{'width': 994, 'height': 520}",[]
bb4bcd8b-1e7f-45c3-8b8d-3e04fcc88905,0.06987046200015357,"{'width': 994, 'height': 520}",[]
4b5211fe-49c6-4c54-a4d0-939304660e87,0.07957736399998794,"{'width': 994, 'height': 520}",[]
75a25365-6397-4666-a063-0d87928b0839,0.07120516999998472,"{'width': 994, 'height': 520}",[]
b748946a-6c79-4c65-a578-f5e0b57aa8ca,0.07057203899989872,"{'width': 994, 'height': 520}",[]
6a9d5944-bd29-4751-b889-e635481ae310,0.07141326300006767,"{'width': 994, 'height': 520}",[]
ba4b3b43-3ad4-4539-ae36-f0914d5516bf,0.07906673299999056,"{'width': 994, 'height': 520}",[]
2fb9ea84-78ae-4fde-a411-89b345c12415,0.0738472749999346,"{'width': 994, 'height': 520}",[]
91342ee0-96c8-42fe-88c0-c85dba9eede7,0.08138796000002912,"{'width': 994, 'height': 520}",[]
648571f1-3d8d-4ac6-872a-2d4fa1911c05,0.07069436699998732,"{'width': 994, 'height': 520}",[]
fb51ff89-22a7-4ef0-a9b4-d75d58ad9414,0.07476691099986965,"{'width': 994, 'height': 520}",[]
c27cfce0-20da-4af2-b18e-02c66f23a084,0.09403525900006571,"{'width': 994, 'height': 520}","[{'x': 853.0, 'y': 204.0, 'width': 196.0, 'height': 118.0, 'confidence': 0.4620231091976166, 'class': 'plastic_bottle', 'class_id': 3, 'detection_id': 'fe2f1465-a214-4743-b1e2-def03055e226'}]"
7ac236cb-96ca-43d4-84c6-dadae8ababe7,0.07745716800013724,"{'width': 994, 'height': 520}","[{'x': 853.5, 'y': 204.0, 'width': 195.0, 'height': 118.0, 'confidence': 0.4464932680130005, 'class': 'plastic_bottle', 'class_id': 3, 'detection_id': '44eaa2d5-cc88-4457-95a8-4e54631bcf86'}]"
34cfa59a-9135-4f21-ad41-4b40148d2455,0.0775726780000241,"{'width': 994, 'height': 520}","[{'x': 854.0, 'y': 203.5, 'width': 198.0, 'height': 119.0, 'confidence': 0.42299556732177734, 'class': 'plastic_bottle', 'class_id': 3, 'detection_id': '7013dc16-eeb4-426c-9529-1bed865fc087'}]"
c0a30fe0-810d-4be2-bf13-53481f5adeb2,0.09006947400007448,"{'width': 994, 'height': 520}",[]
56bee632-4d73-4309-a5d8-8be416581960,0.08742029600011847,"{'width': 994, 'height': 520}","[{'x': 854.5, 'y': 204.0, 'width': 197.0, 'height': 120.0, 'confidence': 0.40019699931144714, 'class': 'plastic_bottle', 'class_id': 3, 'detection_id': 'c017e1a7-194f-44ad-b8c1-4ac053b22fd6'}]"
6f312377-08c1-403e-8344-c0b24eea20bc,0.08731758199996875,"{'width': 994, 'height': 520}",[]
0c0be2db-7ebd-4033-9146-4a7e9d48a179,0.0985401319999255,"{'width': 994, 'height': 520}","[{'x': 853.5, 'y': 202.5, 'width': 199.0, 'height': 119.0, 'confidence': 0.6871400475502014, 'class': 'plastic_bottle', 'class_id': 3, 'detection_id': '1e83cd7b-a201-4fe5-9742-def1db3fb024'}]"
5bd44824-6648-42ba-8e7d-c9bb3957adb0,0.0869802439999603,"{'width': 994, 'height': 520}","[{'x': 853.5, 'y': 202.5, 'width': 199.0, 'height': 119.0, 'confidence': 0.6786789894104004, 'class': 'plastic_bottle', 'class_id': 3, 'detection_id': 'f8fea84d-6402-4095-a485-e3f486c89ffb'}]"
fe64ce07-5d0f-44c1-a69e-8ff3eacd5e19,0.09778497000002062,"{'width': 994, 'height': 520}","[{'x': 853.5, 'y': 202.5, 'width': 199.0, 'height': 119.0, 'confidence': 0.675308108329773, 'class': 'plastic_bottle', 'class_id': 3, 'detection_id': '5a7c4d4a-dcec-4b0f-93cf-327c9663c176'}]"
36554c24-9c12-44ec-b138-6f86f2ba8463,0.11049515900003826,"{'width': 994, 'height': 520}","[{'x': 856.5, 'y': 203.0, 'width': 199.0, 'height': 120.0, 'confidence': 0.7341870665550232, 'class': 'plastic_bottle', 'class_id': 3, 'detection_id': '71d7fd29-9b26-43cb-b872-5a0dbd15c7ca'}]"
03cdc86b-4289-4227-b4d1-0251d2dac5cb,0.10714371799986111,"{'width': 994, 'height': 520}","[{'x': 856.0, 'y': 203.0, 'width': 198.0, 'height': 120.0, 'confidence': 0.6665003895759583, 'class': 'plastic_bottle', 'class_id': 3, 'detection_id': '809560ec-f145-4eae-8b63-18807a7a7678'}]"
b7198042-8c49-402e-bf64-9250324d23c6,0.08714992699992763,"{'width': 994, 'height': 520}","[{'x': 856.0, 'y': 203.0, 'width': 198.0, 'height': 120.0, 'confidence': 0.6783621311187744, 'class': 'plastic_bottle', 'class_id': 3, 'detection_id': 'd767ceee-29f3-4b34-830b-30f4eed576d1'}]"
05bab52a-232c-4f91-a07a-521a26932cbd,0.0790059129999463,"{'width': 994, 'height': 520}","[{'x': 856.5, 'y': 202.5, 'width': 201.0, 'height': 119.0, 'confidence': 0.5951870679855347, 'class': 'plastic_bottle', 'class_id': 3, 'detection_id': 'ea2f865b-9172-4451-8d51-c6ca5d682a38'}]"
ad402dea-8d06-494c-90a1-6b362f7b5b02,0.07749495399980333,"{'width': 994, 'height': 520}","[{'x': 856.5, 'y': 202.5, 'width': 201.0, 'height': 119.0, 'confidence': 0.5613109469413757, 'class': 'plastic_bottle', 'class_id': 3, 'detection_id': '41c90036-196e-4a4f-839c-fc46210f4ccd'}]"
f4ce42a1-a487-46ec-bf57-7f108a20ff98,0.07702337000000625,"{'width': 994, 'height': 520}","[{'x': 856.5, 'y': 202.5, 'width': 201.0, 'height': 119.0, 'confidence': 0.5577567219734192, 'class': 'plastic_bottle', 'class_id': 3, 'detection_id': '320435e0-9eb1-49ad-9dd1-22a36ba37c49'}]"
2e253484-f4eb-4373-8f4f-f603fd61d51b,0.0877606649999052,"{'width': 994, 'height': 520}","[{'x': 856.5, 'y': 203.5, 'width': 199.0, 'height': 119.0, 'confidence': 0.5925718545913696, 'class': 'plastic_bottle', 'class_id': 3, 'detection_id': 'eb5f0587-849b-4715-8c6e-e6bb0d1649d0'}]"
fd365733-cb7f-4dec-9c5a-f1b54a428a64,0.08157113599986587,"{'width': 994, 'height': 520}","[{'x': 856.0, 'y': 203.0, 'width': 202.0, 'height': 118.0, 'confidence': 0.5852662324905396, 'class': 'plastic_bottle', 'class_id': 3, 'detection_id': 'cacaeb1b-9c12-4877-bd5a-39087e366a7e'}]"
6432e2a7-2b3c-47a5-9511-d98757655bb8,0.08527751900010117,"{'width': 994, 'height': 520}","[{'x': 855.5, 'y': 203.0, 'width': 201.0, 'height': 118.0, 'confidence': 0.6107611656188965, 'class': 'plastic_bottle', 'class_id': 3, 'detection_id': '3bc74e8f-9475-4858-9647-2b92ca26a71c'}]"
b9b21eea-4549-4615-844a-005db96e0581,0.08826224999984333,"{'width': 994, 'height': 520}","[{'x': 860.5, 'y': 206.5, 'width': 205.0, 'height': 119.0, 'confidence': 0.6651711463928223, 'class': 'plastic_bottle', 'class_id': 3, 'detection_id': '3f16a8c0-5be7-4a92-9335-0d01d43014d2'}, {'x': 602.0, 'y': 298.0, 'width': 190.0, 'height': 142.0, 'confidence': 0.48216626048088074, 'class': 'milk_jug', 'class_id': 1, 'detection_id': '5afaa197-03f2-4dd5-8a29-ec1d174e862b'}]"
812fca31-5df0-42c2-96be-8441dee5a3bc,0.08946854800001347,"{'width': 994, 'height': 520}","[{'x': 860.5, 'y': 206.5, 'width': 205.0, 'height': 119.0, 'confidence': 0.6610172390937805, 'class': 'plastic_bottle', 'class_id': 3, 'detection_id': 'fc397ed4-c5d6-47a9-95d7-0778769220e3'}, {'x': 602.5, 'y': 298.0, 'width': 189.0, 'height': 142.0, 'confidence': 0.47243690490722656, 'class': 'milk_jug', 'class_id': 1, 'detection_id': '0b67295b-21fd-4483-a02d-01fba67b15a5'}]"
731b181f-92d3-40e9-a27f-7da89fe3f3b6,0.07379123099963181,"{'width': 994, 'height': 520}","[{'x': 860.5, 'y': 206.5, 'width': 199.0, 'height': 119.0, 'confidence': 0.4475076496601105, 'class': 'plastic_bottle', 'class_id': 3, 'detection_id': '56251267-52b4-4c34-bef6-fcf90532a11b'}, {'x': 602.5, 'y': 298.0, 'width': 189.0, 'height': 144.0, 'confidence': 0.4372570514678955, 'class': 'milk_jug', 'class_id': 1, 'detection_id': '67fd39b9-ae4b-4044-804f-a04cc2170034'}]"
0f5af812-dd48-456c-b9b5-b4c280de2ffb,0.061192325999400055,"{'width': 994, 'height': 520}","[{'x': 860.5, 'y': 206.5, 'width': 199.0, 'height': 119.0, 'confidence': 0.43841320276260376, 'class': 'plastic_bottle', 'class_id': 3, 'detection_id': '00a10d11-ab7c-4d80-b9f6-a66380b97c2a'}, {'x': 602.5, 'y': 298.0, 'width': 189.0, 'height': 144.0, 'confidence': 0.4331803321838379, 'class': 'milk_jug', 'class_id': 1, 'detection_id': 'ebbb9783-3ae2-41b2-9c86-3008c7086654'}]"
e3e04423-e42e-4fab-80f9-8e0875ea53d0,0.06296025499977986,"{'width': 994, 'height': 520}","[{'x': 862.0, 'y': 207.0, 'width': 198.0, 'height': 120.0, 'confidence': 0.5430902242660522, 'class': 'plastic_bottle', 'class_id': 3, 'detection_id': '92ed0f95-3631-4b30-9184-cefcc6b9385a'}]"
0d59c2bd-8295-44dd-ab64-9b09a72ea9a5,0.0905012700000043,"{'width': 994, 'height': 520}","[{'x': 862.0, 'y': 207.0, 'width': 198.0, 'height': 120.0, 'confidence': 0.5444244146347046, 'class': 'plastic_bottle', 'class_id': 3, 'detection_id': 'b8e89570-2118-4033-960b-ac6ee6d47b11'}]"
671be0f7-b525-4f79-bb40-f9e2ef1319a1,0.07432013900006496,"{'width': 994, 'height': 520}","[{'x': 862.0, 'y': 207.0, 'width': 198.0, 'height': 120.0, 'confidence': 0.5201948881149292, 'class': 'plastic_bottle', 'class_id': 3, 'detection_id': '3da8dc8d-d5a8-4f40-98e6-03bb3018ffd1'}]"
9931f008-ef07-4016-aea9-926d9e7e9c1d,0.09833654500016564,"{'width': 994, 'height': 520}","[{'x': 862.5, 'y': 207.5, 'width': 199.0, 'height': 121.0, 'confidence': 0.5652447938919067, 'class': 'plastic_bottle', 'class_id': 3, 'detection_id': '80f9f844-ba82-4bef-a00f-cd89c95c2d97'}]"
5e7bb331-fcf5-405c-9fc2-22b629ddee65,0.08036815900004513,"{'width': 994, 'height': 520}","[{'x': 863.5, 'y': 207.0, 'width': 197.0, 'height': 120.0, 'confidence': 0.4949692189693451, 'class': 'plastic_bottle', 'class_id': 3, 'detection_id': 'a5e88db1-4091-41e6-a1fb-754010ce500a'}]"
67e0b174-d791-47a5-97eb-c7004a3ae4bc,0.10781768900005773,"{'width': 994, 'height': 520}","[{'x': 863.5, 'y': 207.0, 'width': 197.0, 'height': 120.0, 'confidence': 0.4593810737133026, 'class': 'plastic_bottle', 'class_id': 3, 'detection_id': 'd25a9c72-8dac-4d9b-ba53-1b5edb682b3e'}]"
c06041d5-9317-499a-94d6-6e8ef5e44f89,0.08664240799998879,"{'width': 994, 'height': 520}",[]
fbca93b3-981f-41d5-bd07-a6add5269e20,0.06590715799984537,"{'width': 994, 'height': 520}",[]
1fbf25ef-2934-43be-b5d8-0dc1f1443577,0.07787655599986465,"{'width': 994, 'height': 520}",[]
8923483c-7102-428e-88d9-57c2b7522c52,0.07727091499987182,"{'width': 994, 'height': 520}",[]
1095b475-88aa-453c-a790-816a8127b433,0.08917491200008953,"{'width': 994, 'height': 520}",[]
be582e3b-31d9-492a-8878-e400ef0982d5,0.08048616600012792,"{'width': 994, 'height': 520}",[]
a7428f7f-b8b9-430d-aabd-d635a60a5fb7,0.07886838800004625,"{'width': 994, 'height': 520}",[]
c7ad6cf9-0cc2-48b4-ba2b-1265d3918b91,0.08784650699999474,"{'width': 994, 'height': 520}",[]
49a3a15a-e1c6-4042-b811-7476c6328a6f,0.09487164999995912,"{'width': 994, 'height': 520}",[]
623ab368-f482-49db-8d45-8a982029f7b2,0.08091327400006776,"{'width': 994, 'height': 520}",[]
6555744b-f64b-4c4e-ad28-ffeb943b8e7c,0.07138561300007495,"{'width': 994, 'height': 520}",[]
62f3c664-6510-4ea8-a3a0-5de616106d8f,0.07332462199974543,"{'width': 994, 'height': 520}",[]
dd8b6971-34a6-42cf-9944-088b3d78dd92,0.08858302099997672,"{'width': 994, 'height': 520}","[{'x': 866.5, 'y': 205.0, 'width': 199.0, 'height': 122.0, 'confidence': 0.4410525858402252, 'class': 'plastic_bottle', 'class_id': 3, 'detection_id': '9d05e8d8-0235-483d-a0a2-701503ff489b'}]"
787af9d1-b93a-48d3-bc28-3a87693be0da,0.08902139100018758,"{'width': 994, 'height': 520}","[{'x': 866.5, 'y': 205.0, 'width': 199.0, 'height': 122.0, 'confidence': 0.4056328535079956, 'class': 'plastic_bottle', 'class_id': 3, 'detection_id': '3fc66a1e-c0a0-452c-9275-a2efc9c99fc6'}]"
b9e93981-d0fb-4ba5-a374-bc58203d7f49,0.10338213799968798,"{'width': 994, 'height': 520}",[]
ebeb3db7-8c75-4dc7-af23-619c99868510,0.09104033099993103,"{'width': 994, 'height': 520}",[]
be0bc933-58ef-4da8-9d03-62c650b85f96,0.07685791499989136,"{'width': 994, 'height': 520}",[]
143ec4db-b205-4248-8bb6-3d95f913486c,0.09329774400021051,"{'width': 994, 'height': 520}",[]
9863f534-863e-45da-88ba-a83192ce4181,0.06498681299990494,"{'width': 994, 'height': 520}",[]
c606d1d0-8fd8-42f5-acff-45f87eb48f95,0.062658778000241,"{'width': 994, 'height': 520}",[]
03b413c0-3b98-41eb-baef-b0c523f96804,0.06562347499993848,"{'width': 994, 'height': 520}",[]
3f0c48dc-d347-4382-95b4-7a1a720000a3,0.08973207300005015,"{'width': 994, 'height': 520}",[]
a8c23d04-0d0a-4054-b73e-044b3995e6c4,0.08293096999977934,"{'width': 994, 'height': 520}",[]
e7e5a411-56a3-4b0b-bb9d-2c2bbfc75254,0.0691086169999835,"{'width': 994, 'height': 520}",[]
ec215f97-89d3-4fc5-8816-ae5049d7876e,0.08113092100006725,"{'width': 994, 'height': 520}",[]
cceb8976-7e59-4e82-8360-b1a8a0fba0af,0.09628276100011135,"{'width': 994, 'height': 520}",[]
c5a888be-1f71-4563-abc8-088e0bae22f9,0.06512422900050296,"{'width': 994, 'height': 520}",[]
b7f69de3-b26c-416d-b1c8-7d6ef66402c9,0.07245747500019206,"{'width': 994, 'height': 520}",[]
85218ecd-402d-4df1-810f-f7e3057aa8bd,0.06042192299992166,"{'width': 994, 'height': 520}",[]
10a147cf-a798-48a9-87cb-49686ec9a6fd,0.06635878699989917,"{'width': 994, 'height': 520}",[]
cd937d6c-0fe5-4dba-84e2-58015c110201,0.06711571899995761,"{'width': 994, 'height': 520}",[]
4b01d744-b644-4eca-ad52-e3f1213ad2c2,0.0907057970000551,"{'width': 994, 'height': 520}",[]
78c731b8-4d4f-45f5-b6f8-9d2da13099db,0.0805785279999327,"{'width': 994, 'height': 520}",[]
4d2f7cd7-177b-48a6-88d9-5a767ba480d7,0.08196717600003467,"{'width': 994, 'height': 520}",[]
8294d713-d277-4955-b0b8-f06fc9727068,0.07645510700012892,"{'width': 994, 'height': 520}",[]
1d7fb9c0-16bb-430a-9ebb-db62961ba4b5,0.07197411499987538,"{'width': 994, 'height': 520}",[]
01a35b7a-468d-4ca2-9de4-8af42a3da1e1,0.07772258099998908,"{'width': 994, 'height': 520}",[]
0e2e673d-3dc6-4ffc-b518-af6c32f5b557,0.0755148470000222,"{'width': 994, 'height': 520}",[]
f7e2ea80-231e-4c25-af67-2fdcf5b70d28,0.07008183599987206,"{'width': 994, 'height': 520}",[]
d0c5e35d-852d-4f1b-ae4c-ee55e08efc54,0.07578003599996919,"{'width': 994, 'height': 520}",[]
5d93c16f-39ab-48e1-bda2-bbcf2979721a,0.07590513600007398,"{'width': 994, 'height': 520}",[]
ec5cad14-01b1-4434-ad6f-4f0540acbeb3,0.07961520300000302,"{'width': 994, 'height': 520}",[]
a35a9770-762e-440d-b472-c2613fe00627,0.07228982200012979,"{'width': 994, 'height': 520}",[]
80cd607e-982e-4fbf-90da-0d6491d6605f,0.0690786449999905,"{'width': 994, 'height': 520}",[]
d0078c9a-fdad-44ac-aa6b-22ed269de249,0.06918005299985452,"{'width': 994, 'height': 520}",[]
06e3fbd3-67a7-49c1-a812-14c30dfd5444,0.0669881499998155,"{'width': 994, 'height': 520}",[]
f7b59a0c-d4f5-48f1-8ca8-389b191fda4c,0.0679120590000366,"{'width': 994, 'height': 520}",[]
72a446a0-86b2-48d2-97bb-7769d9c5e5bc,0.0690904479999972,"{'width': 994, 'height': 520}",[]
79cdfd6d-2066-472a-8f4c-89613a97c093,0.06940349199999218,"{'width': 994, 'height': 520}",[]
40567d40-2222-4006-b5c7-f8e8fabf7fc2,0.07014983199997005,"{'width': 994, 'height': 520}",[]
092697b9-d668-44d3-ac76-f02a8d7be767,0.07315495700004249,"{'width': 994, 'height': 520}",[]
d75ad931-311a-4aa9-aac9-66d5164be338,0.06752017999997406,"{'width': 994, 'height': 520}",[]
21b72ea3-4c0a-4d64-98b7-c94a74532f56,0.07572096099988812,"{'width': 994, 'height': 520}",[]
2073a492-c134-4522-a548-f9c1adcc5996,0.07318653600009384,"{'width': 994, 'height': 520}",[]
ca4567af-49ca-48af-80a6-77f142593b21,0.13262923499951285,"{'width': 994, 'height': 520}",[]
fd080bb9-6a7c-45f1-95b8-c22e4358db0b,0.0740514809999695,"{'width': 994, 'height': 520}",[]
4a82762f-d08f-4563-9209-dd1c306170af,0.06704461599997558,"{'width': 994, 'height': 520}",[]
7aa24a6a-69b2-4aa5-8951-9632125c022e,0.08119136499999513,"{'width': 994, 'height': 520}",[]
d6bea42f-973e-4744-893a-ba17c5383957,0.0701933000000281,"{'width': 994, 'height': 520}",[]
1b0c9aca-0fce-4d81-82f5-2f0bd64214df,0.06980124599999726,"{'width': 994, 'height': 520}",[]
8bfcc2bd-ee87-4746-8146-839fb9758995,0.07353111500015075,"{'width': 994, 'height': 520}",[]
dc01502b-2458-416c-a155-1a411588fc85,0.06900631300004534,"{'width': 994, 'height': 520}",[]
e053a2f9-de00-478f-992e-cab91944a7b6,0.07313887400005115,"{'width': 994, 'height': 520}",[]
6d5d49b0-9c24-4fb7-bcb0-4c0d7772b82c,0.07902119799996399,"{'width': 994, 'height': 520}",[]
eed4b9c3-d2eb-45a2-bf20-5b1b4939c656,0.07537646700006917,"{'width': 994, 'height': 520}",[]
2f6c0dad-a3a6-47cc-b30b-70ba6ed7743f,0.07808965699996406,"{'width': 994, 'height': 520}",[]
bbf46315-6924-4a72-8fb2-49de761c1018,0.07344887799990829,"{'width': 994, 'height': 520}",[]
f4ada6da-0aab-405e-8c99-5ee1021f03a7,0.06657103399993503,"{'width': 994, 'height': 520}",[]
26cbaed0-43a0-4962-a64a-8fe946c8bbd2,0.07239982000010059,"{'width': 994, 'height': 520}",[]
3f8266fa-5479-4a76-ad53-6970c082199f,0.08104279600001973,"{'width': 994, 'height': 520}",[]
e9a95404-0bee-4acc-84cb-13b95a2e5f51,0.07377827800019077,"{'width': 994, 'height': 520}",[]
34583a48-ec06-410f-9a77-54d398fd85ad,0.08104512199997771,"{'width': 994, 'height': 520}",[]
5182b046-b80a-471a-84ca-29951fed27fe,0.07019374800006517,"{'width': 994, 'height': 520}",[]
d6208716-f440-4e8f-af67-a278a08473e8,0.07572988700007954,"{'width': 994, 'height': 520}",[]
227e891c-da96-4ce8-a0f3-893556eeaaa6,0.07569149599999037,"{'width': 994, 'height': 520}",[]
6e52c385-51f3-4264-af57-fe976d3bce6f,0.0751446010001473,"{'width': 994, 'height': 520}",[]
13b459f9-e27b-490d-8362-370bc17a8bdb,0.07203274199991938,"{'width': 994, 'height': 520}",[]
e5e5ba5f-88ef-4734-aea3-e32cf368ffbe,0.06779685400010749,"{'width': 994, 'height': 520}",[]
296861c8-9b42-4a24-946b-05abb72d7baf,0.08857722499988085,"{'width': 994, 'height': 520}",[]
4b492b35-675a-4ed0-bd5f-d3779613e471,0.08006060299999262,"{'width': 994, 'height': 520}",[]
b6633b03-f50c-4956-a50b-be773f6008e3,0.07166363299984368,"{'width': 994, 'height': 520}",[]
ec3aecb6-6cf0-4c73-872e-e494445b28f7,0.07214518199998565,"{'width': 994, 'height': 520}",[]
391c4bc2-16da-429d-a33d-649f12a3742a,0.07875361700007488,"{'width': 994, 'height': 520}",[]
c09ce16b-0517-4150-95f7-a8d348d837ee,0.08858391700005086,"{'width': 994, 'height': 520}",[]
31a8f36b-65f9-4fcd-b9de-f2a6ae1128a1,0.07140204000006634,"{'width': 994, 'height': 520}",[]
c3fe7c8f-d44d-48c0-a35d-dd4eb33d3cc6,0.073049095999977,"{'width': 994, 'height': 520}",[]
12ebe7c7-9889-4d9b-9e82-db66e8651057,0.06709338599989678,"{'width': 994, 'height': 520}",[]
1047219f-7a74-435b-b869-e3998ee5f236,0.06810006000000612,"{'width': 994, 'height': 520}",[]
d0a461d0-9779-4677-88d4-e9e643704774,0.07347218799986877,"{'width': 994, 'height': 520}",[]
9142b1b3-6b13-47e3-9ad5-f0d618108296,0.0729901519998748,"{'width': 994, 'height': 520}",[]
99935200-8103-4b6d-9141-eb10c594f89c,0.06437674699986928,"{'width': 994, 'height': 520}",[]
cc5c6ab8-fd7f-443d-b3d8-5399abe10a53,0.07714551599997321,"{'width': 994, 'height': 520}",[]
6261ee1c-608c-41cc-98ab-8a35e827ca6d,0.0763272980000238,"{'width': 994, 'height': 520}",[]
fbdd474e-a929-48d9-90e8-b72fe8ed85a0,0.06658606800010602,"{'width': 994, 'height': 520}",[]
73917d4b-6ec9-4e57-9ed5-e7998aaae1a8,0.08255797900005746,"{'width': 994, 'height': 520}",[]
c6815b8f-521b-4d3f-b97e-324559872bfd,0.08152208999990762,"{'width': 994, 'height': 520}",[]
2200bfc4-d5e4-441f-bcd8-5d75a6e46a83,0.07063264399994296,"{'width': 994, 'height': 520}",[]
c13bd984-3d6d-4e6a-8896-50168aecddcd,0.1567845069998839,"{'width': 994, 'height': 520}",[]
9882595c-9a17-48c3-8c4a-fcd0b21e695e,0.06898184200008473,"{'width': 994, 'height': 520}",[]
51c7c4a8-cf6f-4dd5-a2f8-eed2c3eb6126,0.07549307699991914,"{'width': 994, 'height': 520}",[]
bfe7f27d-f4cc-45c0-918d-d4e9a656ec5a,0.06794797199995628,"{'width': 994, 'height': 520}",[]
ead13c06-2e5f-4e1b-a274-1857946de160,0.06790901099998337,"{'width': 994, 'height': 520}",[]
2b729fcb-5961-413c-a270-b3cb1be9d25a,0.07135843800006114,"{'width': 994, 'height': 520}",[]
b48d5ee2-ba7b-45fa-954f-534729ab58ae,0.06981192700004613,"{'width': 994, 'height': 520}",[]
4bd61b2c-54fc-43c3-83bd-93361bc339b7,0.07333374700010609,"{'width': 994, 'height': 520}",[]
50e79cab-a34f-4316-98f3-71283b52f134,0.07708786500006681,"{'width': 994, 'height': 520}",[]
c12dcf7f-6ee0-48bc-9330-1762ab0a4d35,0.0725617290001992,"{'width': 994, 'height': 520}",[]
974d8fe9-f155-4ffa-a83e-e7aeb55f5605,0.07886975999986134,"{'width': 994, 'height': 520}",[]
fe277518-5b39-408c-a7d6-b9e92a6f75e1,0.059078717000375036,"{'width': 994, 'height': 520}",[]
506697f6-03b9-4d25-86d6-c5a4626c16b4,0.07673019799995018,"{'width': 994, 'height': 520}",[]
798bbee7-da0c-4410-b162-3878c15aca03,0.07494750499995462,"{'width': 994, 'height': 520}",[]
be104a04-d9b2-4d7d-88d4-dd18d4e6335c,0.06690595400004895,"{'width': 994, 'height': 520}",[]
080cee16-0b01-48b4-8123-3fe95d816517,0.07408776399984163,"{'width': 994, 'height': 520}",[]
1768d96b-3799-470e-959f-1f0a5a5f22db,0.07198419399992417,"{'width': 994, 'height': 520}",[]
c1a17e08-4fe7-4243-ad25-9e6edcdaa8b1,0.07246008800007075,"{'width': 994, 'height': 520}",[]
60b3b17c-25c0-4668-8e3a-2e0c8fa41ad2,0.07526236100011374,"{'width': 994, 'height': 520}",[]
6de797a1-faec-47c0-8958-37b9b63144c9,0.08241211600011411,"{'width': 994, 'height': 520}",[]
6e9f8fdd-e161-4786-8d50-e5a1cdaad5fe,0.07637303200021961,"{'width': 994, 'height': 520}",[]
ce3cbfff-9cfc-424e-af56-47f7c7da0e12,0.08075029100018583,"{'width': 994, 'height': 520}",[]
d01c4fc4-5583-4a8f-b209-fb0739f290f4,0.06872838699996464,"{'width': 994, 'height': 520}",[]
b4257282-46ff-4908-a5bc-9d583329b2ee,0.07228719100021408,"{'width': 994, 'height': 520}",[]
3fb38c3a-be15-4baf-8ee1-c9937198ac71,0.06741000999954849,"{'width': 994, 'height': 520}",[]
7226d143-8132-4ccf-b3ef-711b9eadc3fa,0.0771815100006279,"{'width': 994, 'height': 520}",[]
9dd0ce0d-b94d-4844-8beb-830aa4eefcfb,0.06125549900025362,"{'width': 994, 'height': 520}",[]
b4ea8360-0a5d-4407-9561-01da6c0def06,0.06216296999991755,"{'width': 994, 'height': 520}",[]
4bd8cf15-c6de-4037-b355-22751778daf9,0.06086458699974173,"{'width': 994, 'height': 520}",[]
99bf77c5-dd2f-4441-bcaf-6a5af02dc60f,0.06079774600038945,"{'width': 994, 'height': 520}",[]
625218e5-60b0-46fb-87aa-9eb1f791e129,0.06121944999995321,"{'width': 994, 'height': 520}",[]
1ab69f29-d811-44f4-8e7d-481679c68bdb,0.061795521000021836,"{'width': 994, 'height': 520}",[]
829dfea2-aa93-404b-af5d-9eafe3ab9faf,0.07143679599994357,"{'width': 994, 'height': 520}",[]
933ccf2e-ccd1-4162-ba88-e8dae0327e41,0.05992102599975624,"{'width': 994, 'height': 520}",[]
ea2da994-6428-4998-af6c-d42695e0ae14,0.0617447060003542,"{'width': 994, 'height': 520}",[]
99ac6012-dfdf-463c-9aae-b48cd22394f1,0.07602167900040513,"{'width': 994, 'height': 520}",[]
a16450cb-aa77-4c7c-885a-c3a8ff4fe2c8,0.06075066700032039,"{'width': 994, 'height': 520}",[]
882d01e3-4807-4111-8165-1852bed5deaf,0.06196841200016934,"{'width': 994, 'height': 520}",[]
a235d576-b977-4496-9907-6e9b7d587747,0.06183505199987849,"{'width': 994, 'height': 520}",[]
4589c73d-bab4-4032-beca-b8ffd7f0eb90,0.060583970000152476,"{'width': 994, 'height': 520}",[]
0a9340f5-d0b5-48dc-8ec8-4016dbb91d46,0.060431658000197785,"{'width': 994, 'height': 520}",[]
1b9bd247-cece-4023-9a18-e8e2f84fbfc1,0.07746834199951991,"{'width': 994, 'height': 520}",[]
e5bbf750-599f-4f80-a153-1f1202ef3c2d,0.06607064600029844,"{'width': 994, 'height': 520}",[]
79dfffca-73bc-4fb8-9f36-f8be444c7b60,0.06594906500049547,"{'width': 994, 'height': 520}",[]
dd8147a4-c6fb-47de-927f-169c6f54e101,0.07308742699933646,"{'width': 994, 'height': 520}",[]
b0dabad5-eb93-44f8-848d-3fcf7ba51e08,0.09255923999990046,"{'width': 994, 'height': 520}",[]
951295e0-ae68-4f62-8c46-d68437f75984,0.06475093700009893,"{'width': 994, 'height': 520}",[]
d8b72368-a8c7-4370-8137-5474c4762ed1,0.07094024899924989,"{'width': 994, 'height': 520}",[]
cd2179c9-1c86-4555-8509-bda25b945479,0.06602119200033485,"{'width': 994, 'height': 520}",[]
795d2bae-4e2f-41a7-bc1f-8e2dcd3ef634,0.08082602199988287,"{'width': 994, 'height': 520}",[]
667ee6ef-b911-44fc-b4b8-3f79a0da7167,0.07218403199999557,"{'width': 994, 'height': 520}",[]
70bcd962-c2e4-490c-bf15-cb2eede22293,0.07568965799987382,"{'width': 994, 'height': 520}",[]
35a5e6ef-6464-4768-96c4-5edfb5b1768e,0.07903174200009744,"{'width': 994, 'height': 520}",[]
9bb7b09c-8ef7-4c3c-aa44-d6ab8992f0fa,0.07683514800010016,"{'width': 994, 'height': 520}",[]
6b00cdb0-5200-46ce-bd84-c5cd51016a13,0.06330458799993721,"{'width': 994, 'height': 520}",[]
37a6114e-fd8e-48bf-ab03-3984d661a965,0.06589676700014024,"{'width': 994, 'height': 520}",[]
8f0f558f-84ee-448c-a956-bad9955f5751,0.06271218999972916,"{'width': 994, 'height': 520}",[]
98738dad-633a-4a1a-a568-e160885d1bf5,0.06341964600051142,"{'width': 994, 'height': 520}",[]
a3cf831d-bbac-48c8-9113-abf5f56e86c6,0.0640598609998051,"{'width': 994, 'height': 520}",[]
8b3d7fb0-438f-405c-b98d-9d24dcba828f,0.06659340299938776,"{'width': 994, 'height': 520}",[]
0bf6ff29-027e-4e4d-b871-e6ddf431bf59,0.060757616000046255,"{'width': 994, 'height': 520}",[]
bba6b917-8af6-4112-8221-051653a3ae1a,0.06257411000024149,"{'width': 994, 'height': 520}",[]
f9c4661c-11c8-4143-9992-b16bbf47aaf7,0.06023598999945534,"{'width': 994, 'height': 520}",[]
e4fb4f2c-c37e-45cd-8c46-b5c83c008d02,0.059536979999393225,"{'width': 994, 'height': 520}",[]
476ca277-7edb-4ef9-8349-662d68ced76f,0.06140756500008138,"{'width': 994, 'height': 520}",[]
28387d03-0f4c-402c-8e9e-4d889d4b29a1,0.06118476499977987,"{'width': 994, 'height': 520}",[]
ff8a4dde-5a40-42ce-8b00-db3b72d64531,0.07455647100050555,"{'width': 994, 'height': 520}",[]
94a248e5-6ee2-4055-a309-64b194b4525f,0.059513758000321104,"{'width': 994, 'height': 520}",[]
29d8a7c1-f6d7-461e-9698-4adee3c56121,0.06009874400024273,"{'width': 994, 'height': 520}",[]
f163c320-6f5c-4bfb-8374-0ed04cbed6a7,0.06012877200009825,"{'width': 994, 'height': 520}",[]
c17727d7-8af0-4ad4-bd31-d632228c20c1,0.06530767599997489,"{'width': 994, 'height': 520}",[]
54c635de-4a11-4db7-95e6-1b51791a71c4,0.06349708099969575,"{'width': 994, 'height': 520}","[{'x': 842.5, 'y': 320.5, 'width': 299.0, 'height': 109.0, 'confidence': 0.5578349828720093, 'class': 'milk_jug', 'class_id': 1, 'detection_id': '2a467a88-931b-4672-bb23-3b9c949e712c'}]"
064cb313-74a0-42a1-a0e6-e1d012bb95e0,0.061455516000023636,"{'width': 994, 'height': 520}","[{'x': 842.0, 'y': 320.5, 'width': 298.0, 'height': 109.0, 'confidence': 0.5561721324920654, 'class': 'milk_jug', 'class_id': 1, 'detection_id': '8e303f49-5913-4ed3-aa27-ea99be12d618'}]"
233d7a72-97c3-4ac2-899e-8a87719b4368,0.06765988799998013,"{'width': 994, 'height': 520}","[{'x': 842.0, 'y': 320.5, 'width': 294.0, 'height': 109.0, 'confidence': 0.560926079750061, 'class': 'milk_jug', 'class_id': 1, 'detection_id': '7b02e6fe-1d93-40f8-a538-d8b50861c7f5'}]"
e64fbea9-8bf6-48b0-9ac8-4de48da8e975,0.06260239099992759,"{'width': 994, 'height': 520}","[{'x': 842.0, 'y': 320.5, 'width': 294.0, 'height': 109.0, 'confidence': 0.5620520114898682, 'class': 'milk_jug', 'class_id': 1, 'detection_id': 'ee756290-033a-4b6a-8242-2f1e63795317'}]"
95a2a299-9722-495f-a617-98cacf2f7b26,0.06102907299919025,"{'width': 994, 'height': 520}","[{'x': 842.0, 'y': 320.5, 'width': 294.0, 'height': 109.0, 'confidence': 0.5565414428710938, 'class': 'milk_jug', 'class_id': 1, 'detection_id': '98215b31-55c1-4f30-aa99-fe12e757a696'}]"
d8c82e9e-e037-4358-93bd-4858c6ee6c8f,0.06262126799992984,"{'width': 994, 'height': 520}","[{'x': 836.5, 'y': 320.5, 'width': 277.0, 'height': 109.0, 'confidence': 0.5368747711181641, 'class': 'milk_jug', 'class_id': 1, 'detection_id': '2e4ec125-69e9-42a8-95f1-dae0f59eafcd'}]"
55a8cba5-0208-465e-89ba-c0bf6500d454,0.06102025099971797,"{'width': 994, 'height': 520}","[{'x': 852.0, 'y': 322.0, 'width': 278.0, 'height': 110.0, 'confidence': 0.5507739782333374, 'class': 'milk_jug', 'class_id': 1, 'detection_id': 'cc14f774-2739-45fc-892c-c7139030a32a'}]"
85ba45e4-a8c4-4dd5-9f37-77501d162d38,0.0617192999998224,"{'width': 994, 'height': 520}","[{'x': 852.0, 'y': 322.0, 'width': 278.0, 'height': 110.0, 'confidence': 0.5545969009399414, 'class': 'milk_jug', 'class_id': 1, 'detection_id': 'f302f676-98ea-44d6-b96c-4f2096a5bb8b'}]"
c32dd1cc-16e4-409c-b19a-73a2663d4066,0.06236267100030091,"{'width': 994, 'height': 520}","[{'x': 850.0, 'y': 321.5, 'width': 266.0, 'height': 109.0, 'confidence': 0.7229917049407959, 'class': 'milk_jug', 'class_id': 1, 'detection_id': 'dc48ab45-cca9-48a7-9d8b-bfb0a28b7f92'}]"
c715adcd-03aa-42b4-82bf-ccd7fca3a8dc,0.06128874299974996,"{'width': 994, 'height': 520}","[{'x': 850.5, 'y': 321.5, 'width': 267.0, 'height': 109.0, 'confidence': 0.7195519208908081, 'class': 'milk_jug', 'class_id': 1, 'detection_id': '48d7a635-1cb1-43d2-9654-d4f0fa11b126'}]"
73bf7bd5-2d1e-4e72-9613-e24697ff1599,0.06088560299940582,"{'width': 994, 'height': 520}","[{'x': 853.0, 'y': 321.0, 'width': 272.0, 'height': 110.0, 'confidence': 0.7954438328742981, 'class': 'milk_jug', 'class_id': 1, 'detection_id': 'aff77d1f-e946-4b63-b712-32aa7d6352ca'}]"
4b4c27b2-672b-4161-a74d-d7ed15b77f13,0.06388362100005907,"{'width': 994, 'height': 520}","[{'x': 853.5, 'y': 321.0, 'width': 273.0, 'height': 110.0, 'confidence': 0.8069393038749695, 'class': 'milk_jug', 'class_id': 1, 'detection_id': '54efc426-2f92-47ff-8ebe-d34f4965750d'}]"
29479030-f364-4e84-ab95-b8d2a081f71a,0.05987952200030122,"{'width': 994, 'height': 520}","[{'x': 855.0, 'y': 321.5, 'width': 272.0, 'height': 109.0, 'confidence': 0.7853993773460388, 'class': 'milk_jug', 'class_id': 1, 'detection_id': 'c8f05341-485b-4c50-98da-4a9782077970'}]"
0de72894-d893-4014-a4db-cdf7d2817979,0.06489456899998913,"{'width': 994, 'height': 520}","[{'x': 855.0, 'y': 321.5, 'width': 272.0, 'height': 109.0, 'confidence': 0.7859256863594055, 'class': 'milk_jug', 'class_id': 1, 'detection_id': '07dc4b0e-f026-4a67-a9d9-350e46612ba0'}]"
e157274c-9fdf-4db0-9966-1769e6882946,0.07191005499998937,"{'width': 994, 'height': 520}","[{'x': 855.5, 'y': 321.5, 'width': 273.0, 'height': 109.0, 'confidence': 0.7900723814964294, 'class': 'milk_jug', 'class_id': 1, 'detection_id': '82aa84f6-415b-4846-bbde-51b17e1ac7a3'}, {'x': 310.5, 'y': 200.0, 'width': 201.0, 'height': 120.0, 'confidence': 0.40818023681640625, 'class': 'plastic_bottle', 'class_id': 3, 'detection_id': 'fade241c-6e90-4c0b-890d-b0dbe0c43738'}]"
2544c20f-46ef-4410-a3ca-af1244718f6d,0.0707583009998416,"{'width': 994, 'height': 520}","[{'x': 857.5, 'y': 321.5, 'width': 273.0, 'height': 111.0, 'confidence': 0.6975791454315186, 'class': 'milk_jug', 'class_id': 1, 'detection_id': '808f58cc-b415-4c0c-88e0-010a84388c1b'}]"
604e7883-0926-4e6c-980c-24665df45334,0.06482143500033999,"{'width': 994, 'height': 520}","[{'x': 857.5, 'y': 321.5, 'width': 273.0, 'height': 111.0, 'confidence': 0.7011058330535889, 'class': 'milk_jug', 'class_id': 1, 'detection_id': '98ff09d6-ca91-40d0-af41-55156bfc2cdc'}]"
6af5458f-1b56-45f5-afb1-fab98185b3bd,0.06794279699988692,"{'width': 994, 'height': 520}","[{'x': 857.5, 'y': 320.5, 'width': 269.0, 'height': 109.0, 'confidence': 0.7795429229736328, 'class': 'milk_jug', 'class_id': 1, 'detection_id': '29f8283f-f7a4-47ff-8cb9-276aaf1fd18f'}]"
28124de1-eaac-41b5-b862-cb8e54e00c96,0.07303425199961566,"{'width': 994, 'height': 520}","[{'x': 857.5, 'y': 320.5, 'width': 267.0, 'height': 109.0, 'confidence': 0.6888034343719482, 'class': 'milk_jug', 'class_id': 1, 'detection_id': '71a243d8-6bda-4535-bf1d-f6b3d63b11bb'}]"
f9125b8a-d4a8-4418-ae29-f9770eb5b03d,0.08537163199980569,"{'width': 994, 'height': 520}","[{'x': 857.5, 'y': 320.5, 'width': 267.0, 'height': 109.0, 'confidence': 0.7127478718757629, 'class': 'milk_jug', 'class_id': 1, 'detection_id': '23b20424-8152-4b5e-b5a3-cdfca6c7c8cc'}]"
2588d166-ef37-4b61-999c-2264ea8e5cec,0.06531176499993308,"{'width': 994, 'height': 520}","[{'x': 865.0, 'y': 320.5, 'width': 258.0, 'height': 109.0, 'confidence': 0.8194682002067566, 'class': 'milk_jug', 'class_id': 1, 'detection_id': 'cb9ca7ef-5800-4da8-bedd-e92def94e821'}]"
1f1d7a24-0a6e-44c1-b09b-5c162d7d90df,0.06423038999992059,"{'width': 994, 'height': 520}","[{'x': 865.0, 'y': 320.5, 'width': 258.0, 'height': 109.0, 'confidence': 0.814887285232544, 'class': 'milk_jug', 'class_id': 1, 'detection_id': '9efa1578-d906-4f20-ae19-f04cac416bd2'}]"
7fcf5c1b-ceb3-4aea-816f-f94a304fd9ee,0.07928178000020125,"{'width': 994, 'height': 520}","[{'x': 866.0, 'y': 320.5, 'width': 256.0, 'height': 109.0, 'confidence': 0.7827310562133789, 'class': 'milk_jug', 'class_id': 1, 'detection_id': '935f2851-eb6b-4b30-a1f6-ba9200b301f7'}]"
a41ef6d2-b8cf-4059-abb4-d47d61a33984,0.07247129299958033,"{'width': 994, 'height': 520}","[{'x': 865.5, 'y': 320.5, 'width': 257.0, 'height': 109.0, 'confidence': 0.7739467024803162, 'class': 'milk_jug', 'class_id': 1, 'detection_id': 'afa391b1-25bb-44c4-aee2-5897d11af57d'}]"
498c4980-16ab-4e54-ad40-a34ba57daf7e,0.06949256699999751,"{'width': 994, 'height': 520}","[{'x': 865.5, 'y': 320.5, 'width': 257.0, 'height': 109.0, 'confidence': 0.7615864872932434, 'class': 'milk_jug', 'class_id': 1, 'detection_id': 'c0ac108f-f36c-40b9-82d4-df63faa2cf13'}]"
10e780e8-296d-451d-a9b0-7905ab46dc0e,0.06388440500040815,"{'width': 994, 'height': 520}","[{'x': 866.0, 'y': 320.0, 'width': 256.0, 'height': 108.0, 'confidence': 0.844464898109436, 'class': 'milk_jug', 'class_id': 1, 'detection_id': '4be808d6-5d2c-4a27-a943-d949c0a0a5ad'}]"
ec3672ce-9cc3-4668-82d1-be57b57e3417,0.06531252499962648,"{'width': 994, 'height': 520}","[{'x': 867.5, 'y': 320.0, 'width': 253.0, 'height': 110.0, 'confidence': 0.7375449538230896, 'class': 'milk_jug', 'class_id': 1, 'detection_id': '99006e3c-8a2a-4dae-9a1b-4aaf85e04af8'}]"
32c448fa-0451-4239-9abd-d070e46b9249,0.06683504199963863,"{'width': 994, 'height': 520}","[{'x': 867.5, 'y': 320.0, 'width': 253.0, 'height': 110.0, 'confidence': 0.7567869424819946, 'class': 'milk_jug', 'class_id': 1, 'detection_id': '6d5dedab-fa1f-40c9-9361-2f983e69db33'}]"
6e949a2f-d29b-4078-87f6-1785f22de780,0.06504570600009174,"{'width': 994, 'height': 520}","[{'x': 868.5, 'y': 319.5, 'width': 251.0, 'height': 111.0, 'confidence': 0.6657695770263672, 'class': 'milk_jug', 'class_id': 1, 'detection_id': '074f812b-5700-4e15-8a3e-bedc55a576b0'}]"
7459da4f-5dcf-4357-b44b-143a25e7edb7,0.06463046999988364,"{'width': 994, 'height': 520}","[{'x': 868.0, 'y': 319.0, 'width': 252.0, 'height': 110.0, 'confidence': 0.6918869018554688, 'class': 'milk_jug', 'class_id': 1, 'detection_id': '465c2216-76db-4e18-bb5b-17319ca859ca'}]"
d8b778d4-2550-4150-8742-84c00727a186,0.06381595699986065,"{'width': 994, 'height': 520}","[{'x': 868.0, 'y': 319.0, 'width': 252.0, 'height': 110.0, 'confidence': 0.6983710527420044, 'class': 'milk_jug', 'class_id': 1, 'detection_id': '6f8fa8c5-a536-4471-a110-a6603fc99f19'}]"
e0fd8a4f-ebbe-4b21-b584-cf8f9e29afc2,0.06113410800026031,"{'width': 994, 'height': 520}","[{'x': 874.0, 'y': 319.5, 'width': 240.0, 'height': 107.0, 'confidence': 0.7856274247169495, 'class': 'milk_jug', 'class_id': 1, 'detection_id': '90838fca-88ff-410e-9a09-6ebfafc16ff3'}, {'x': 317.0, 'y': 199.0, 'width': 176.0, 'height': 112.0, 'confidence': 0.4276597499847412, 'class': 'plastic_bottle', 'class_id': 3, 'detection_id': '0558ba41-449f-40fb-a673-d9a55f387f7e'}]"
b8ce5189-3ae0-4389-a9d0-cc8ee3c6b913,0.0611636030007503,"{'width': 994, 'height': 520}","[{'x': 874.5, 'y': 319.5, 'width': 239.0, 'height': 107.0, 'confidence': 0.8057531118392944, 'class': 'milk_jug', 'class_id': 1, 'detection_id': '6ce664c0-9068-4f63-8397-769d1c917646'}, {'x': 317.0, 'y': 199.0, 'width': 176.0, 'height': 112.0, 'confidence': 0.4342963695526123, 'class': 'plastic_bottle', 'class_id': 3, 'detection_id': '627d6cc2-7593-44e0-acca-d43d4f40151d'}]"
9eebf91c-3f4b-4e12-9568-18785b81230b,0.06606037099936657,"{'width': 994, 'height': 520}","[{'x': 875.5, 'y': 319.5, 'width': 237.0, 'height': 107.0, 'confidence': 0.8214685320854187, 'class': 'milk_jug', 'class_id': 1, 'detection_id': '3db3d686-33e0-4e69-8ed9-da9d7cfeb918'}]"
a9eb9886-d359-46bd-98d5-4441aaab03e1,0.06075729000076535,"{'width': 994, 'height': 520}","[{'x': 875.0, 'y': 320.0, 'width': 238.0, 'height': 108.0, 'confidence': 0.7633602619171143, 'class': 'milk_jug', 'class_id': 1, 'detection_id': 'f4bb55c0-e4c9-48b8-a03a-82fc4c4d484a'}, {'x': 317.0, 'y': 199.5, 'width': 176.0, 'height': 113.0, 'confidence': 0.48288798332214355, 'class': 'plastic_bottle', 'class_id': 3, 'detection_id': '8d34d441-36e7-4cc2-bb7b-70e70524c538'}]"
b4ee401f-71c1-457e-9978-814d3ada3f01,0.07668512899999769,"{'width': 994, 'height': 520}","[{'x': 875.0, 'y': 320.0, 'width': 238.0, 'height': 108.0, 'confidence': 0.763384222984314, 'class': 'milk_jug', 'class_id': 1, 'detection_id': '8243d219-619f-4830-a842-78776b93409f'}, {'x': 317.0, 'y': 199.5, 'width': 176.0, 'height': 113.0, 'confidence': 0.481905072927475, 'class': 'plastic_bottle', 'class_id': 3, 'detection_id': '72d4f7e8-82c7-43d5-b9a6-8f6d871efe89'}]"
f8d1d61a-39f7-4202-8675-7097d7d766b4,0.07897899800013874,"{'width': 994, 'height': 520}","[{'x': 874.5, 'y': 320.0, 'width': 239.0, 'height': 108.0, 'confidence': 0.7017489671707153, 'class': 'milk_jug', 'class_id': 1, 'detection_id': 'a2f85721-04cc-46be-a3f8-793866ac859f'}]"
41b65dfa-a398-4ef8-9975-4e1cf4f96e63,0.07866525999997975,"{'width': 994, 'height': 520}","[{'x': 874.5, 'y': 319.5, 'width': 239.0, 'height': 107.0, 'confidence': 0.76246178150177, 'class': 'milk_jug', 'class_id': 1, 'detection_id': '4ec0fe59-e969-403c-a611-44e96e235a9c'}]"
834b72c9-64cb-439f-b36a-1f3513c0f491,0.07859958599965466,"{'width': 994, 'height': 520}","[{'x': 874.5, 'y': 319.5, 'width': 239.0, 'height': 107.0, 'confidence': 0.76246178150177, 'class': 'milk_jug', 'class_id': 1, 'detection_id': 'b94ae169-0375-4ae8-9bc0-b741e59b43f2'}]"
94eaa00b-46cd-4860-b327-45b4aa2d7d04,0.07355702999984715,"{'width': 994, 'height': 520}","[{'x': 875.0, 'y': 320.0, 'width': 238.0, 'height': 110.0, 'confidence': 0.673216700553894, 'class': 'milk_jug', 'class_id': 1, 'detection_id': '73da0c62-062e-4f87-88fb-fa0c96cdc67b'}]"
d13a35d9-6d5a-4a9b-8dc3-5c1a00857bf6,0.06957359700027155,"{'width': 994, 'height': 520}","[{'x': 876.0, 'y': 321.5, 'width': 234.0, 'height': 113.0, 'confidence': 0.4651501774787903, 'class': 'milk_jug', 'class_id': 1, 'detection_id': 'd8d1f6af-2295-4d63-8a4e-0346cbfa17e1'}]"
fff3b29f-ebdd-44cc-b203-3f485a674807,0.07221390799986693,"{'width': 994, 'height': 520}","[{'x': 876.0, 'y': 321.5, 'width': 234.0, 'height': 113.0, 'confidence': 0.46586868166923523, 'class': 'milk_jug', 'class_id': 1, 'detection_id': '5fa28186-4508-4bce-9fdf-7bde063aa2d6'}]"
eba58343-4198-4861-affe-f7ef0d2a71d1,0.06304830699991726,"{'width': 994, 'height': 520}","[{'x': 876.0, 'y': 321.5, 'width': 234.0, 'height': 113.0, 'confidence': 0.46615177392959595, 'class': 'milk_jug', 'class_id': 1, 'detection_id': '3605faf9-d34d-4cf2-8f04-8bec8d8161bc'}]"
801158f7-9417-44e5-b790-36425306da4b,0.07460788299977139,"{'width': 994, 'height': 520}",[]
1157ea39-e063-4270-9475-ef4f16189efb,0.07091913500062219,"{'width': 994, 'height': 520}",[]
2299db02-76bf-487c-b006-d34ff2902d86,0.06813113599946519,"{'width': 994, 'height': 520}",[]
7e9d236b-1dd2-4a50-9d55-aefbe462f858,0.08709826100039209,"{'width': 994, 'height': 520}",[]
ec99f90f-95a7-40a5-8905-0f6daeb5d90b,0.07562042200061114,"{'width': 994, 'height': 520}",[]
eaed018c-6335-40fe-8cf9-ab1dc99bf0c4,0.06905594499949075,"{'width': 994, 'height': 520}",[]
ce5b55d8-9e6a-4eb6-8881-26323ce533c4,0.09607679999953689,"{'width': 994, 'height': 520}",[]
d03ced03-13e7-4c1f-a7d6-17a0082311ed,0.0638032299993938,"{'width': 994, 'height': 520}",[]
bd25481b-5b67-4cb4-bfbc-80996aa84b10,0.0640277860002243,"{'width': 994, 'height': 520}",[]
a6db8223-50be-4804-bd07-a9121b91ddc4,0.08714320599938219,"{'width': 994, 'height': 520}",[]
d3e457a9-0dcf-477c-a9dc-dd5110af1871,0.06973925800048164,"{'width': 994, 'height': 520}",[]
6d71a540-3e63-4a84-beb3-b36ee4e5740c,0.06713726199996017,"{'width': 994, 'height': 520}",[]
a5dc7f5a-5952-4c55-ae82-bd4ce38ad166,0.07160632500017527,"{'width': 994, 'height': 520}","[{'x': 629.0, 'y': 46.5, 'width': 80.0, 'height': 93.0, 'confidence': 0.45142659544944763, 'class': 'can', 'class_id': 0, 'detection_id': '4bdd2130-c458-40c3-9548-4178f6bf2daf'}]"
813f77fe-3bfb-49da-beaa-0a9269c0af89,0.12915669699941645,"{'width': 994, 'height': 520}",[]
fca17564-996a-47b9-881d-50d27497a1cd,0.1088892420002594,"{'width': 994, 'height': 520}",[]
f12e1123-685f-4ba0-864a-2476882b423e,0.09095078599966655,"{'width': 994, 'height': 520}",[]
12bdce23-cb71-47d4-8996-7f7d6f618ed5,0.06823522900049284,"{'width': 994, 'height': 520}",[]
a342d955-9a2d-4442-9eac-909467ae718a,0.06306274399958056,"{'width': 994, 'height': 520}",[]
674992fc-e9f3-4e03-8c3f-46d78ac54cb5,0.06224689800001215,"{'width': 994, 'height': 520}",[]
cb890721-061b-4efd-b609-cc981b760e65,0.06670633099975021,"{'width': 994, 'height': 520}","[{'x': 616.5, 'y': 49.0, 'width': 105.0, 'height': 98.0, 'confidence': 0.4547674059867859, 'class': 'can', 'class_id': 0, 'detection_id': '67d48899-0fd5-41fa-b814-ccf0e4ba9320'}]"
5dd47271-44ee-471f-8faf-fd8cc677f38b,0.06273273299984794,"{'width': 994, 'height': 520}","[{'x': 616.5, 'y': 49.0, 'width': 105.0, 'height': 98.0, 'confidence': 0.4643853008747101, 'class': 'can', 'class_id': 0, 'detection_id': '84c87036-453f-4c53-915d-f5f3dcc0b438'}]"
a81a0eed-2299-43a7-a120-9e16e325830b,0.06130447000032291,"{'width': 994, 'height': 520}","[{'x': 616.5, 'y': 49.0, 'width': 105.0, 'height': 98.0, 'confidence': 0.45988819003105164, 'class': 'can', 'class_id': 0, 'detection_id': '76c4415a-ba39-43bd-a6bb-378ec5c19e7e'}]"
c74b7fe9-03d4-4327-8b26-46cc18611900,0.06021349399998144,"{'width': 994, 'height': 520}","[{'x': 607.5, 'y': 88.0, 'width': 135.0, 'height': 164.0, 'confidence': 0.4272007346153259, 'class': 'plastic_bottle', 'class_id': 3, 'detection_id': 'b8d85369-24dd-497d-9dfc-b25b8198a56c'}]"
70fae05e-f4ce-4b70-b089-2af9a1c89ded,0.06917405999956827,"{'width': 994, 'height': 520}","[{'x': 607.5, 'y': 88.5, 'width': 135.0, 'height': 163.0, 'confidence': 0.45010170340538025, 'class': 'plastic_bottle', 'class_id': 3, 'detection_id': 'a50a3ee8-d5d8-4771-bc6e-f5034704245b'}]"
694ad5ea-41fd-4c9f-b37e-088d6510e1d1,0.0715761460005524,"{'width': 994, 'height': 520}",[]
47032662-b50e-435c-b6b4-0f81677a2165,0.08031898599983833,"{'width': 994, 'height': 520}",[]
54b3956f-1380-43d4-9142-5b84afd3b525,0.06217213400032051,"{'width': 994, 'height': 520}",[]
bdd16c76-1049-41c8-9b5d-c90df44ef5b4,0.06259086899990507,"{'width': 994, 'height': 520}",[]
94452695-9fa5-44fd-a3e8-7f7e9421df10,0.06274711100013519,"{'width': 994, 'height': 520}",[]
4da492b7-124c-4423-989e-c6538e16ac34,0.062027591000060056,"{'width': 994, 'height': 520}",[]
8ac148f4-2713-48a4-8c3e-cf6537b1f679,0.0630834219996359,"{'width': 994, 'height': 520}",[]
deae62c1-ada4-4f9e-a4be-11d86df22203,0.06335776700007045,"{'width': 994, 'height': 520}",[]
bbbf1065-8641-4a6c-a939-dd25f6ae1a50,0.0648320559998865,"{'width': 994, 'height': 520}",[]
50b7c365-2bfe-4f25-b01c-a4cc4aa9e03c,0.07362522299990815,"{'width': 994, 'height': 520}",[]
f498d69a-4168-443e-aa31-229808380138,0.06367132299965306,"{'width': 994, 'height': 520}",[]
7edc75f1-6a77-4d0b-98e1-1217d8773dc0,0.0623210490002748,"{'width': 994, 'height': 520}",[]
21f3c3de-87df-408b-b6ed-26a64f2173f4,0.06862889500007441,"{'width': 994, 'height': 520}",[]
5c8cbccd-9e2c-4ee0-9b80-695293d5a02d,0.09582492100025775,"{'width': 994, 'height': 520}",[]
968b369f-4e85-4e09-ba7c-0f605b8e7cb6,0.08736110200015901,"{'width': 994, 'height': 520}",[]
3755dc14-112e-4241-a224-e848a7272d75,0.10202644800028793,"{'width': 994, 'height': 520}",[]
68815057-fb5d-4f5d-93a9-a52645b6fcff,0.0657034159999057,"{'width': 994, 'height': 520}",[]
75eb00a8-1dee-499e-b0cc-97a29fe34e35,0.07079736200012121,"{'width': 994, 'height': 520}",[]
4eaf5f4a-10fd-40bf-94d1-3bf2e48a1f50,0.06510669600038455,"{'width': 994, 'height': 520}",[]
c9411d43-2d8f-4373-b209-b0b8e0245f43,0.06884370999978273,"{'width': 994, 'height': 520}",[]
e90f22bd-7e98-41c2-a3e3-82a45cb2e3f0,0.07038141100019857,"{'width': 994, 'height': 520}",[]
364591b5-a094-49f2-8135-5872880a5502,0.07353513699990799,"{'width': 994, 'height': 520}",[]
fc88081b-bcc2-4044-acce-bd1590b592d0,0.06321240799979932,"{'width': 994, 'height': 520}",[]
08138f16-5d53-4344-bbf8-a1e5e4402390,0.06734891199994308,"{'width': 994, 'height': 520}",[]
1c0775c0-1b28-49f1-ac2b-dacd954076f9,0.07975770500024737,"{'width': 994, 'height': 520}",[]
c63b6eec-17c7-4dc3-a699-2972ff3467e2,0.06875013899980331,"{'width': 994, 'height': 520}","[{'x': 518.0, 'y': 157.5, 'width': 138.0, 'height': 73.0, 'confidence': 0.45486152172088623, 'class': 'plastic_bottle', 'class_id': 3, 'detection_id': '972e1527-6a1a-4b8b-8c6a-c31dcb3201f2'}]"
71d73416-fd23-4cee-ae33-646266237c2e,0.06620040000007066,"{'width': 994, 'height': 520}","[{'x': 518.0, 'y': 157.0, 'width': 138.0, 'height': 72.0, 'confidence': 0.473792165517807, 'class': 'can', 'class_id': 0, 'detection_id': '49274e88-be53-464e-9dd4-773ff30694e9'}, {'x': 523.0, 'y': 157.0, 'width': 148.0, 'height': 74.0, 'confidence': 0.44606882333755493, 'class': 'plastic_bottle', 'class_id': 3, 'detection_id': '3eb57264-b946-405a-b3ae-e9c2bcdfce3b'}]"
c8858359-d450-4605-8a56-cde7e6a9c985,0.06250121099992612,"{'width': 994, 'height': 520}","[{'x': 518.0, 'y': 157.0, 'width': 138.0, 'height': 72.0, 'confidence': 0.46376216411590576, 'class': 'can', 'class_id': 0, 'detection_id': '8437a239-9354-4f57-a493-fd3745a2981d'}, {'x': 518.5, 'y': 158.0, 'width': 139.0, 'height': 72.0, 'confidence': 0.4470371901988983, 'class': 'plastic_bottle', 'class_id': 3, 'detection_id': '9889c347-9d32-4f35-ab7e-4297e61c2887'}]"
c2912ebd-37e7-4f88-83f6-967371d4e026,0.06312228499973571,"{'width': 994, 'height': 520}","[{'x': 515.0, 'y': 154.5, 'width': 122.0, 'height': 67.0, 'confidence': 0.45150861144065857, 'class': 'can', 'class_id': 0, 'detection_id': 'f05ae1bc-5ef4-4518-b808-7a1edbf2aa20'}]"
b808361a-6e35-495e-bdd4-ebf4c30ef2cc,0.08151330999999118,"{'width': 994, 'height': 520}","[{'x': 515.0, 'y': 154.5, 'width': 122.0, 'height': 67.0, 'confidence': 0.45150861144065857, 'class': 'can', 'class_id': 0, 'detection_id': '3aa53990-09fa-4ea0-a7bd-f78216eb3b07'}]"
d3c780bc-741c-47be-bda3-9dfbb6ceb3be,0.0848405729998376,"{'width': 994, 'height': 520}","[{'x': 513.5, 'y': 155.5, 'width': 115.0, 'height': 67.0, 'confidence': 0.5312459468841553, 'class': 'can', 'class_id': 0, 'detection_id': '11daf7d8-ce57-49a2-9bbf-ca066c9a0785'}]"
5ff5c576-29d3-4100-9485-9e7121eb1697,0.10274058899994998,"{'width': 994, 'height': 520}","[{'x': 513.5, 'y': 155.5, 'width': 115.0, 'height': 67.0, 'confidence': 0.532762348651886, 'class': 'can', 'class_id': 0, 'detection_id': '29a62f35-07d4-4a76-b99c-f5c400418fb5'}]"
942c6de9-9621-4757-96f3-37a94496847c,0.10422897499984174,"{'width': 994, 'height': 520}","[{'x': 515.5, 'y': 154.0, 'width': 115.0, 'height': 66.0, 'confidence': 0.455218642950058, 'class': 'can', 'class_id': 0, 'detection_id': '713ecec3-37d5-48d1-973e-70ace4b855d5'}]"
76a53064-5daa-43a8-9796-2e4e3e2e12c7,0.08624638600031176,"{'width': 994, 'height': 520}",[]
45275cf8-dd3b-499f-832e-249ea7396d62,0.06294926200007467,"{'width': 994, 'height': 520}",[]
7c131c9a-be07-49ee-a3f7-a65dc59bdcfc,0.070510015999389,"{'width': 994, 'height': 520}",[]
50a7042d-cf1a-415d-948e-8dd0970f4d5f,0.06722149699999136,"{'width': 994, 'height': 520}",[]
5441549e-07e5-430c-adf3-a0a0f3a37a0f,0.06865661200026807,"{'width': 994, 'height': 520}",[]
4d450288-4650-4af8-9173-fe967b4d3382,0.06147960299949773,"{'width': 994, 'height': 520}",[]
e56b35f0-5979-4576-8085-85b620c9d801,0.06214045800061285,"{'width': 994, 'height': 520}",[]
23580fb1-2f05-4eff-9991-d20e7e8c15a8,0.08883887799947843,"{'width': 994, 'height': 520}","[{'x': 114.0, 'y': 466.0, 'width': 226.0, 'height': 104.0, 'confidence': 0.43190649151802063, 'class': 'milk_jug', 'class_id': 1, 'detection_id': 'e3080855-ffae-4724-8f41-af679903e697'}]"
a07c106d-8e91-43dc-bf8f-c001b7f18bfb,0.07235147200026404,"{'width': 994, 'height': 520}","[{'x': 115.5, 'y': 468.0, 'width': 229.0, 'height': 102.0, 'confidence': 0.773888349533081, 'class': 'milk_jug', 'class_id': 1, 'detection_id': 'a145d768-4ea2-4e9a-b0fa-0a6e22e1213c'}]"
33d6136a-0ee9-4760-a148-50b4c9d262b1,0.08281768200049555,"{'width': 994, 'height': 520}","[{'x': 115.5, 'y': 468.0, 'width': 229.0, 'height': 102.0, 'confidence': 0.773888349533081, 'class': 'milk_jug', 'class_id': 1, 'detection_id': '196ae382-ff57-4b07-877f-20f641c4be5b'}]"
e7e97878-54e4-433d-9cc8-55f87a28fc74,0.06448549499964429,"{'width': 994, 'height': 520}","[{'x': 115.5, 'y': 468.0, 'width': 229.0, 'height': 102.0, 'confidence': 0.774033784866333, 'class': 'milk_jug', 'class_id': 1, 'detection_id': '695605c1-5166-4699-a230-98f26e359411'}]"
0e0cd391-343e-4db5-80f1-59e41da569fe,0.08486166000056983,"{'width': 994, 'height': 520}","[{'x': 119.0, 'y': 468.5, 'width': 238.0, 'height': 103.0, 'confidence': 0.4299594461917877, 'class': 'milk_jug', 'class_id': 1, 'detection_id': '392e55d1-e088-4dda-acb8-8b738572c742'}]"
406c1686-01cc-43bc-aa5a-c1ab26335a71,0.07128345300043293,"{'width': 994, 'height': 520}",[]
87baae31-6279-4df2-9e78-935948b80f16,0.0721586450003997,"{'width': 994, 'height': 520}",[]
c194ce00-1cf9-444b-ae0e-6fac5e574397,0.09179109999968205,"{'width': 994, 'height': 520}","[{'x': 120.5, 'y': 468.5, 'width': 239.0, 'height': 101.0, 'confidence': 0.8373175859451294, 'class': 'milk_jug', 'class_id': 1, 'detection_id': '229b7061-e616-46ba-9f5b-b5b39c573c53'}]"
eedb5bf8-6fdc-4290-aeeb-57f210f90718,0.08873753799980477,"{'width': 994, 'height': 520}","[{'x': 120.5, 'y': 468.5, 'width': 239.0, 'height': 101.0, 'confidence': 0.8380084037780762, 'class': 'milk_jug', 'class_id': 1, 'detection_id': 'e3616a7d-afde-432f-9d25-25e5313295e6'}]"
6c750f4e-1cbc-4fb5-806b-f60c9d452758,0.06520107599999392,"{'width': 994, 'height': 520}","[{'x': 123.0, 'y': 469.0, 'width': 244.0, 'height': 100.0, 'confidence': 0.836506724357605, 'class': 'milk_jug', 'class_id': 1, 'detection_id': '435dbb85-fc38-4624-b895-f7e218dd0ac1'}]"
2c17e088-da5d-45fa-a0c1-3bb7963963e2,0.06934257000011712,"{'width': 994, 'height': 520}","[{'x': 123.0, 'y': 469.0, 'width': 244.0, 'height': 100.0, 'confidence': 0.8368756175041199, 'class': 'milk_jug', 'class_id': 1, 'detection_id': '04dcbe39-4c9d-4454-9e90-9d140204efea'}]"
3b8d305a-9110-4df0-bfa5-7135b18997bb,0.07456146999993507,"{'width': 994, 'height': 520}","[{'x': 123.0, 'y': 469.0, 'width': 244.0, 'height': 100.0, 'confidence': 0.8366432189941406, 'class': 'milk_jug', 'class_id': 1, 'detection_id': '9239eeb3-8ecd-4cd5-9776-5fa3e48c631a'}]"
121eee2f-5617-4cc8-9fe4-a967d562acf2,0.07410924400028307,"{'width': 994, 'height': 520}","[{'x': 127.5, 'y': 469.0, 'width': 253.0, 'height': 100.0, 'confidence': 0.8866599798202515, 'class': 'milk_jug', 'class_id': 1, 'detection_id': '6fbf7948-f1a7-41ea-a50c-fb1baa0b72a5'}, {'x': 610.0, 'y': 19.5, 'width': 132.0, 'height': 39.0, 'confidence': 0.4819614291191101, 'class': 'can', 'class_id': 0, 'detection_id': '367d89f1-5994-4e71-931e-39e788482080'}]"
e47896fe-9743-4a6d-99a0-76a67ce5a9f4,0.06614381999952457,"{'width': 994, 'height': 520}","[{'x': 130.5, 'y': 469.0, 'width': 259.0, 'height': 100.0, 'confidence': 0.8638631105422974, 'class': 'milk_jug', 'class_id': 1, 'detection_id': 'e1fac022-c03c-4d71-8a21-4890820be6fd'}]"
3401ae03-8f5b-42e0-a257-16a871668d30,0.08953024600032222,"{'width': 994, 'height': 520}","[{'x': 130.5, 'y': 469.0, 'width': 259.0, 'height': 100.0, 'confidence': 0.8633254170417786, 'class': 'milk_jug', 'class_id': 1, 'detection_id': 'b2c2a2b0-45eb-4fc6-9c29-a6ef12b6c287'}]"
64360326-a4c3-4225-9715-13c91e6fc23c,0.06660217600074247,"{'width': 994, 'height': 520}","[{'x': 133.0, 'y': 469.5, 'width': 264.0, 'height': 99.0, 'confidence': 0.8798940181732178, 'class': 'milk_jug', 'class_id': 1, 'detection_id': '21b1a1e8-934a-4c11-ad25-3a96bff710f2'}]"
73633799-ce01-4d5f-81d0-c7f3e6863e77,0.07067526300033933,"{'width': 994, 'height': 520}","[{'x': 133.0, 'y': 469.5, 'width': 264.0, 'height': 99.0, 'confidence': 0.8801344037055969, 'class': 'milk_jug', 'class_id': 1, 'detection_id': '69a0a205-12fd-4195-af79-09d0c12dd280'}]"
1ea46f5d-f9ef-45af-8cf9-83de76386bc6,0.06757650600047782,"{'width': 994, 'height': 520}","[{'x': 137.0, 'y': 469.0, 'width': 272.0, 'height': 100.0, 'confidence': 0.8539538383483887, 'class': 'milk_jug', 'class_id': 1, 'detection_id': '6bb17eaa-84ca-4de9-8452-f764c5dcd640'}]"
ed3fabe8-c195-4c6c-a3a2-029b27ddb962,0.07096068200007721,"{'width': 994, 'height': 520}","[{'x': 137.0, 'y': 469.0, 'width': 272.0, 'height': 100.0, 'confidence': 0.8538673520088196, 'class': 'milk_jug', 'class_id': 1, 'detection_id': 'c14a0d2e-9cd1-4d5b-bfd8-bdb0cc594cc4'}]"
27e21e99-ae12-43d7-a1d0-92cb31762d58,0.06272584100042877,"{'width': 994, 'height': 520}","[{'x': 137.0, 'y': 469.0, 'width': 272.0, 'height': 100.0, 'confidence': 0.8539506196975708, 'class': 'milk_jug', 'class_id': 1, 'detection_id': '475ac522-f876-4d37-bf86-3cd09e3a9c09'}]"
a2ebdffb-6af4-49ea-a560-8cb8a83af914,0.06107775899999979,"{'width': 994, 'height': 520}","[{'x': 140.0, 'y': 469.5, 'width': 278.0, 'height': 99.0, 'confidence': 0.8696144223213196, 'class': 'milk_jug', 'class_id': 1, 'detection_id': '56114b65-0b99-4177-8049-d98279111645'}]"
7f8efc8e-b465-40b4-8220-060ce9415080,0.08758653699987917,"{'width': 994, 'height': 520}","[{'x': 142.0, 'y': 469.5, 'width': 284.0, 'height': 99.0, 'confidence': 0.8269996643066406, 'class': 'milk_jug', 'class_id': 1, 'detection_id': 'bc2c8bc7-cfa9-4787-8be4-16fff2b5b0b7'}, {'x': 633.5, 'y': 36.5, 'width': 93.0, 'height': 73.0, 'confidence': 0.6156628131866455, 'class': 'can', 'class_id': 0, 'detection_id': '5255bf5b-077a-4e34-833c-ebde8af4ca11'}]"
cd3a15f0-3714-4346-81b2-980955307500,0.10369919300001129,"{'width': 994, 'height': 520}","[{'x': 142.0, 'y': 469.5, 'width': 284.0, 'height': 99.0, 'confidence': 0.8279867172241211, 'class': 'milk_jug', 'class_id': 1, 'detection_id': '8364dbfe-4901-47be-a812-fed0d8d83ddd'}, {'x': 633.0, 'y': 36.5, 'width': 94.0, 'height': 73.0, 'confidence': 0.6120507717132568, 'class': 'can', 'class_id': 0, 'detection_id': '7d901fb9-fb27-4777-b842-e983dde02cf9'}]"
62fe6fd0-0e6c-4b83-9b0e-70bab4294902,0.10695281700009218,"{'width': 994, 'height': 520}","[{'x': 145.5, 'y': 469.0, 'width': 289.0, 'height': 100.0, 'confidence': 0.7148123979568481, 'class': 'milk_jug', 'class_id': 1, 'detection_id': 'cb54144e-31ce-433e-827a-2362827c9344'}, {'x': 624.0, 'y': 37.0, 'width': 112.0, 'height': 74.0, 'confidence': 0.626354455947876, 'class': 'can', 'class_id': 0, 'detection_id': 'cf29e3b1-249b-4643-8a19-e788b5aa9740'}]"
a3504a54-23c7-4a57-95db-ca4a713703a0,0.0679059019998931,"{'width': 994, 'height': 520}","[{'x': 145.5, 'y': 469.0, 'width': 289.0, 'height': 100.0, 'confidence': 0.7175607085227966, 'class': 'milk_jug', 'class_id': 1, 'detection_id': 'ce4298bd-9d4e-4ec0-9759-f686eed9643b'}, {'x': 624.0, 'y': 37.0, 'width': 112.0, 'height': 74.0, 'confidence': 0.629868745803833, 'class': 'can', 'class_id': 0, 'detection_id': 'e19321b0-bf5e-4a06-92b6-26539c90fccc'}]"
4b6e705c-d7e3-48f5-ba56-f04ee773fb46,0.07417602000009538,"{'width': 994, 'height': 520}","[{'x': 145.5, 'y': 469.0, 'width': 289.0, 'height': 100.0, 'confidence': 0.7174913883209229, 'class': 'milk_jug', 'class_id': 1, 'detection_id': 'fb363109-77f7-4568-a1a4-4b26a5adea2f'}, {'x': 623.5, 'y': 37.0, 'width': 113.0, 'height': 74.0, 'confidence': 0.6267877221107483, 'class': 'can', 'class_id': 0, 'detection_id': '2c0555ae-6b9f-440c-97d2-f3b0eede2281'}]"
fa2fa05d-ebc6-4584-846d-91ef464d9708,0.08665607799980535,"{'width': 994, 'height': 520}","[{'x': 152.5, 'y': 466.5, 'width': 281.0, 'height': 101.0, 'confidence': 0.6972808837890625, 'class': 'milk_jug', 'class_id': 1, 'detection_id': 'b43f907e-4d12-488e-85fe-ca9287cf9f75'}, {'x': 621.5, 'y': 35.5, 'width': 117.0, 'height': 71.0, 'confidence': 0.6466413140296936, 'class': 'can', 'class_id': 0, 'detection_id': '14c03cb3-e931-4698-81ba-90d042a135fc'}]"
fbdd5d45-ea5a-4ccf-ae52-e68d979fd1ee,0.07660950900003627,"{'width': 994, 'height': 520}","[{'x': 155.0, 'y': 467.0, 'width': 284.0, 'height': 102.0, 'confidence': 0.7972793579101562, 'class': 'milk_jug', 'class_id': 1, 'detection_id': '4f1904b6-1be4-4d25-a785-9ebc174db235'}, {'x': 614.5, 'y': 37.5, 'width': 135.0, 'height': 75.0, 'confidence': 0.6332725286483765, 'class': 'can', 'class_id': 0, 'detection_id': '29f9fbe3-32b7-4409-ad42-cb950074811a'}]"
7aefca31-bfb8-4453-b6f6-cf6631ba0ed3,0.07925716400018246,"{'width': 994, 'height': 520}","[{'x': 155.0, 'y': 467.0, 'width': 284.0, 'height': 102.0, 'confidence': 0.800358772277832, 'class': 'milk_jug', 'class_id': 1, 'detection_id': 'dfcd18bb-97ac-4558-9afb-399ec47aec90'}, {'x': 614.5, 'y': 37.5, 'width': 135.0, 'height': 75.0, 'confidence': 0.6240445375442505, 'class': 'can', 'class_id': 0, 'detection_id': '470b0934-d760-4f97-809d-5488b3f4d771'}]"
94793953-5401-4c67-ac44-12ae5ed9cc9b,0.07707748200004971,"{'width': 994, 'height': 520}","[{'x': 161.5, 'y': 466.0, 'width': 289.0, 'height': 104.0, 'confidence': 0.8479330539703369, 'class': 'milk_jug', 'class_id': 1, 'detection_id': '0ad79b9c-c8d4-4398-97ce-e0ff54cf75cb'}, {'x': 607.5, 'y': 37.5, 'width': 149.0, 'height': 75.0, 'confidence': 0.4572303295135498, 'class': 'can', 'class_id': 0, 'detection_id': '1f962e9b-d265-4807-a598-ca8ea7c693d9'}]"
b3f2faf9-e99b-415b-a580-8e89e544f099,0.07735890300000392,"{'width': 994, 'height': 520}","[{'x': 161.5, 'y': 466.0, 'width': 289.0, 'height': 104.0, 'confidence': 0.8463135361671448, 'class': 'milk_jug', 'class_id': 1, 'detection_id': '88bfed93-6613-49dc-9fa4-ec37a1088ce6'}, {'x': 607.5, 'y': 37.5, 'width': 149.0, 'height': 75.0, 'confidence': 0.509886622428894, 'class': 'can', 'class_id': 0, 'detection_id': '20282563-6c68-424f-9aa5-66e4ef6d6149'}]"
b4179a7b-a58b-42af-bc32-85c5a8f9894f,0.08284059200013871,"{'width': 994, 'height': 520}","[{'x': 165.5, 'y': 467.5, 'width': 307.0, 'height': 103.0, 'confidence': 0.7901761531829834, 'class': 'milk_jug', 'class_id': 1, 'detection_id': '7ec4c8ce-719e-4360-b610-085a7096f129'}, {'x': 768.5, 'y': 172.5, 'width': 199.0, 'height': 77.0, 'confidence': 0.5450217127799988, 'class': 'can', 'class_id': 0, 'detection_id': 'cff85b2e-ae11-4521-a513-a60e0c7a0fad'}]"
7b298d11-49eb-44b1-ac54-5ffe5aa6df3d,0.08989529099994797,"{'width': 994, 'height': 520}","[{'x': 166.0, 'y': 467.0, 'width': 308.0, 'height': 104.0, 'confidence': 0.7877352237701416, 'class': 'milk_jug', 'class_id': 1, 'detection_id': 'f33404cc-0e1e-4308-94b0-403ba01cd700'}, {'x': 768.0, 'y': 172.0, 'width': 200.0, 'height': 76.0, 'confidence': 0.5828198194503784, 'class': 'can', 'class_id': 0, 'detection_id': '51dd3054-6dad-4d2d-be1b-fea594914c5a'}, {'x': 532.0, 'y': 150.5, 'width': 104.0, 'height': 63.0, 'confidence': 0.40568456053733826, 'class': 'can', 'class_id': 0, 'detection_id': 'fb1234d0-707a-438d-a963-47cc4502671d'}]"
1e9055db-9048-421a-aabf-a82202163a71,0.10290065800018056,"{'width': 994, 'height': 520}","[{'x': 170.0, 'y': 468.0, 'width': 308.0, 'height': 102.0, 'confidence': 0.8629512786865234, 'class': 'milk_jug', 'class_id': 1, 'detection_id': '50f76a8a-abdd-43dc-9530-de17d90748f3'}, {'x': 769.5, 'y': 172.5, 'width': 203.0, 'height': 79.0, 'confidence': 0.4457972049713135, 'class': 'can', 'class_id': 0, 'detection_id': 'edaa8beb-7d07-4816-b240-c3d5e474535b'}]"
a1ee3ae0-f26c-4a29-9fa7-09b457aa9da0,0.07538599200006502,"{'width': 994, 'height': 520}","[{'x': 170.0, 'y': 468.0, 'width': 308.0, 'height': 102.0, 'confidence': 0.8620890378952026, 'class': 'milk_jug', 'class_id': 1, 'detection_id': 'f9fec104-bf0f-4604-8fea-caeaf8b7185d'}, {'x': 769.0, 'y': 172.5, 'width': 204.0, 'height': 79.0, 'confidence': 0.43731430172920227, 'class': 'can', 'class_id': 0, 'detection_id': '225455bc-7750-4a07-adc6-e91a94c342b6'}]"
f79f8546-dfd1-4165-a388-4fd5634d6b00,0.0647716489997947,"{'width': 994, 'height': 520}","[{'x': 177.5, 'y': 468.5, 'width': 309.0, 'height': 101.0, 'confidence': 0.8760132193565369, 'class': 'milk_jug', 'class_id': 1, 'detection_id': '2d4b9c5e-93b4-4642-add5-227b6b1b7ff8'}, {'x': 770.5, 'y': 172.5, 'width': 203.0, 'height': 79.0, 'confidence': 0.558847963809967, 'class': 'can', 'class_id': 0, 'detection_id': 'a44dc8ef-4dd4-46c4-b3c3-7098ce3b0ace'}]"
b70b2963-8a91-4c86-aa49-304f345d1bb7,0.06519800600017334,"{'width': 994, 'height': 520}","[{'x': 177.5, 'y': 468.5, 'width': 309.0, 'height': 101.0, 'confidence': 0.8791710138320923, 'class': 'milk_jug', 'class_id': 1, 'detection_id': '3e471c9c-b7d5-4685-9189-5ff17f45e8a3'}, {'x': 770.0, 'y': 172.5, 'width': 204.0, 'height': 79.0, 'confidence': 0.5658861398696899, 'class': 'can', 'class_id': 0, 'detection_id': '0795556d-6c3a-406c-bbbf-710d693f8c2c'}, {'x': 535.0, 'y': 147.5, 'width': 102.0, 'height': 61.0, 'confidence': 0.4073035418987274, 'class': 'can', 'class_id': 0, 'detection_id': '990ed27d-e3a1-4166-8868-0ee32a3eb690'}]"
0b391e40-6e2e-4b10-a72a-4d44ce5e9ecd,0.06428250900034982,"{'width': 994, 'height': 520}","[{'x': 186.5, 'y': 469.0, 'width': 299.0, 'height': 100.0, 'confidence': 0.8630993366241455, 'class': 'milk_jug', 'class_id': 1, 'detection_id': '8e5b9de2-dd0f-4017-bfdc-7a6629175b02'}, {'x': 772.0, 'y': 173.0, 'width': 206.0, 'height': 80.0, 'confidence': 0.5407214164733887, 'class': 'can', 'class_id': 0, 'detection_id': '9440d562-ff7d-4288-a55c-8d261c7699da'}, {'x': 540.5, 'y': 146.5, 'width': 105.0, 'height': 61.0, 'confidence': 0.40738576650619507, 'class': 'can', 'class_id': 0, 'detection_id': '516fbff1-0603-4a57-b319-68c763d841da'}]"
e8dd9d53-e721-4611-9e97-4a955de15afa,0.06399331500006156,"{'width': 994, 'height': 520}","[{'x': 186.5, 'y': 469.0, 'width': 301.0, 'height': 100.0, 'confidence': 0.864109992980957, 'class': 'milk_jug', 'class_id': 1, 'detection_id': '0abd7ac5-d9b4-414b-80a0-e9ad77d99c80'}, {'x': 772.5, 'y': 173.0, 'width': 207.0, 'height': 80.0, 'confidence': 0.5157437324523926, 'class': 'can', 'class_id': 0, 'detection_id': '0809f2f1-766d-49f4-9fa2-4ddb3b3d9515'}]"
0a3891c7-5f57-4aaf-b71a-c3a573bf4c39,0.07041007299994817,"{'width': 994, 'height': 520}","[{'x': 191.5, 'y': 469.0, 'width': 295.0, 'height': 100.0, 'confidence': 0.8136938810348511, 'class': 'milk_jug', 'class_id': 1, 'detection_id': '2af8a6f5-dc73-400d-9ca8-33a265edc86f'}, {'x': 778.5, 'y': 173.0, 'width': 193.0, 'height': 78.0, 'confidence': 0.6027871370315552, 'class': 'can', 'class_id': 0, 'detection_id': '6a6af0f0-b93b-4cfb-a8eb-6cf618221162'}]"
596394e7-d5a7-4d1c-92c9-3496b2312fc5,0.0703267330000017,"{'width': 994, 'height': 520}","[{'x': 192.0, 'y': 469.0, 'width': 296.0, 'height': 100.0, 'confidence': 0.8092910051345825, 'class': 'milk_jug', 'class_id': 1, 'detection_id': 'd1bf42b0-99af-42eb-a531-91a26e7f6997'}, {'x': 779.0, 'y': 173.0, 'width': 194.0, 'height': 78.0, 'confidence': 0.6108013987541199, 'class': 'can', 'class_id': 0, 'detection_id': 'b30dd3bf-c9ea-4df2-b0c9-4e15fb46094e'}]"
81812a59-efe3-41f3-a9f4-b4deaf5f799e,0.06520570400016368,"{'width': 994, 'height': 520}","[{'x': 204.0, 'y': 467.5, 'width': 276.0, 'height': 101.0, 'confidence': 0.8202694654464722, 'class': 'milk_jug', 'class_id': 1, 'detection_id': 'ef6dd99c-9a25-4457-ac3c-8179f3be7fe1'}, {'x': 777.5, 'y': 174.5, 'width': 203.0, 'height': 79.0, 'confidence': 0.5757479071617126, 'class': 'can', 'class_id': 0, 'detection_id': '147ccb2a-e326-4389-9924-7ac66121e4f7'}]"
7213e4c0-2711-4dd6-9809-01b2f1aced40,0.1125677690001794,"{'width': 994, 'height': 520}","[{'x': 204.0, 'y': 467.5, 'width': 276.0, 'height': 101.0, 'confidence': 0.8241141438484192, 'class': 'milk_jug', 'class_id': 1, 'detection_id': 'a3a71550-9bc3-4229-9988-067c2778ed1f'}, {'x': 777.5, 'y': 174.5, 'width': 203.0, 'height': 79.0, 'confidence': 0.5434629917144775, 'class': 'can', 'class_id': 0, 'detection_id': 'bd109f25-0b7f-449d-a62c-c09176eded10'}]"
6b1c0be5-26d4-4307-bfb2-881799362e58,0.07633811499999865,"{'width': 994, 'height': 520}","[{'x': 207.0, 'y': 466.5, 'width': 276.0, 'height': 103.0, 'confidence': 0.8571586012840271, 'class': 'milk_jug', 'class_id': 1, 'detection_id': 'b1a8b33c-2cd0-431b-91f6-1b8897615756'}, {'x': 779.5, 'y': 173.5, 'width': 201.0, 'height': 77.0, 'confidence': 0.4538087546825409, 'class': 'can', 'class_id': 0, 'detection_id': '29ce2d79-9349-4f51-8d00-c881ec5739fc'}]"
d03fb637-f2cc-4d3a-8184-969980231455,0.06977507600004174,"{'width': 994, 'height': 520}","[{'x': 207.0, 'y': 466.5, 'width': 276.0, 'height': 103.0, 'confidence': 0.8571586012840271, 'class': 'milk_jug', 'class_id': 1, 'detection_id': 'a6a16962-b771-4c8d-b3ac-e06bbc7d42fc'}, {'x': 779.5, 'y': 173.5, 'width': 201.0, 'height': 77.0, 'confidence': 0.4538087546825409, 'class': 'can', 'class_id': 0, 'detection_id': '8aa25c6d-bb2d-4987-9a47-3e570f9fe2bc'}]"
f600111d-e650-4611-ae17-638b90b4c1a9,0.08188249399972847,"{'width': 994, 'height': 520}","[{'x': 217.0, 'y': 469.0, 'width': 290.0, 'height': 100.0, 'confidence': 0.8867644667625427, 'class': 'milk_jug', 'class_id': 1, 'detection_id': '7c7149d2-a484-48e9-8d55-8c79f5849bc3'}, {'x': 782.5, 'y': 174.0, 'width': 195.0, 'height': 78.0, 'confidence': 0.44431352615356445, 'class': 'can', 'class_id': 0, 'detection_id': '3d3bba03-ec97-4ec3-a2bf-aa9ad8736902'}]"
cf217a48-da79-4c9a-af6d-a5f9bca23aed,0.07598691900011545,"{'width': 994, 'height': 520}","[{'x': 217.0, 'y': 469.0, 'width': 290.0, 'height': 100.0, 'confidence': 0.8866547346115112, 'class': 'milk_jug', 'class_id': 1, 'detection_id': '2e665361-df08-4340-9d4a-f4fccc96e9d3'}, {'x': 782.5, 'y': 174.0, 'width': 195.0, 'height': 78.0, 'confidence': 0.4513048231601715, 'class': 'can', 'class_id': 0, 'detection_id': 'e2dce822-5a30-43b7-8f92-bf428af3529b'}]"
95af9853-098c-456d-a07a-c2a183427da1,0.08601425000006202,"{'width': 994, 'height': 520}","[{'x': 216.5, 'y': 469.0, 'width': 289.0, 'height': 100.0, 'confidence': 0.8859635591506958, 'class': 'milk_jug', 'class_id': 1, 'detection_id': '5a473f89-d4fb-4180-981c-a6e6974bf95d'}, {'x': 781.5, 'y': 174.0, 'width': 199.0, 'height': 78.0, 'confidence': 0.4313887059688568, 'class': 'can', 'class_id': 0, 'detection_id': '40ae39c9-d607-4077-bb11-063be57a4a83'}]"
f8c8e9cc-09c4-4738-848e-7f42ad981cc0,0.09785060100011833,"{'width': 994, 'height': 520}","[{'x': 222.5, 'y': 469.5, 'width': 285.0, 'height': 99.0, 'confidence': 0.8751688599586487, 'class': 'milk_jug', 'class_id': 1, 'detection_id': 'edcc7659-70fb-4f15-883f-bf39741dc6c8'}]"
5d4ed49a-ea35-4556-9163-8f2e085885d4,0.08546836699997584,"{'width': 994, 'height': 520}","[{'x': 228.5, 'y': 469.5, 'width': 285.0, 'height': 99.0, 'confidence': 0.8955459594726562, 'class': 'milk_jug', 'class_id': 1, 'detection_id': 'e0b7188a-d681-4fd2-9683-87d55f5ea773'}]"
737b2808-da91-4678-aa3d-d3306d58a39c,0.09652411199999733,"{'width': 994, 'height': 520}","[{'x': 229.0, 'y': 469.5, 'width': 286.0, 'height': 99.0, 'confidence': 0.8950576186180115, 'class': 'milk_jug', 'class_id': 1, 'detection_id': '1daee434-a6bb-4b30-afba-d5bac50ccd85'}]"
239c99eb-dd68-4158-8c16-cabbcc6b1686,0.08955439300007129,"{'width': 994, 'height': 520}","[{'x': 234.0, 'y': 469.5, 'width': 282.0, 'height': 99.0, 'confidence': 0.8849097490310669, 'class': 'milk_jug', 'class_id': 1, 'detection_id': '76fc520d-4701-4bad-aef7-b643e014ccd9'}]"
10849470-1149-43d6-a3e9-c5f851a9792b,0.07833905099982985,"{'width': 994, 'height': 520}","[{'x': 234.0, 'y': 469.5, 'width': 282.0, 'height': 99.0, 'confidence': 0.8849717378616333, 'class': 'milk_jug', 'class_id': 1, 'detection_id': '4800a791-312b-49e9-aeb5-161e35cc2dd0'}]"
d2f6881f-82c0-4e95-88ab-fdd2462811cc,0.0665074230000755,"{'width': 994, 'height': 520}","[{'x': 241.5, 'y': 469.5, 'width': 279.0, 'height': 99.0, 'confidence': 0.831723153591156, 'class': 'milk_jug', 'class_id': 1, 'detection_id': '95285f8b-6b7d-49bb-ada4-c375bb180748'}]"
69f7df70-d7df-468c-83ae-0ba374eb4e6d,0.0658363399998052,"{'width': 994, 'height': 520}","[{'x': 241.5, 'y': 469.5, 'width': 279.0, 'height': 99.0, 'confidence': 0.8316140174865723, 'class': 'milk_jug', 'class_id': 1, 'detection_id': 'bfe76e61-49fe-4592-91f3-651711426b99'}]"
187f6521-33a1-43f1-b0b7-f882dd978eda,0.07110581699998875,"{'width': 994, 'height': 520}","[{'x': 257.0, 'y': 467.5, 'width': 264.0, 'height': 99.0, 'confidence': 0.8336065411567688, 'class': 'milk_jug', 'class_id': 1, 'detection_id': '4342a3b9-63e1-4cac-9117-ae9e6046da9d'}]"
37babba0-19dd-4ed2-8861-53d6352683a0,0.06768350700031078,"{'width': 994, 'height': 520}","[{'x': 257.0, 'y': 467.5, 'width': 264.0, 'height': 99.0, 'confidence': 0.8334575295448303, 'class': 'milk_jug', 'class_id': 1, 'detection_id': '0b07e2ae-c767-417e-973c-819dfd5b2b49'}]"
3df8696b-27a4-46c3-8b44-b5979d1b4435,0.06553974099961124,"{'width': 994, 'height': 520}","[{'x': 259.5, 'y': 467.0, 'width': 267.0, 'height': 102.0, 'confidence': 0.8704922795295715, 'class': 'milk_jug', 'class_id': 1, 'detection_id': '638f4e9c-84fb-4d5e-9ac5-fda835586dc0'}]"
3dec68c0-1c73-49d7-ad07-2e0e05b4d137,0.06447572699971715,"{'width': 994, 'height': 520}","[{'x': 259.5, 'y': 467.0, 'width': 267.0, 'height': 102.0, 'confidence': 0.8703947067260742, 'class': 'milk_jug', 'class_id': 1, 'detection_id': 'b80269fd-e08c-4122-9668-035cb546c6d0'}]"
25caf9fc-8d10-494b-9aa8-59a0ff378e9e,0.06531187300015517,"{'width': 994, 'height': 520}","[{'x': 267.0, 'y': 468.0, 'width': 264.0, 'height': 102.0, 'confidence': 0.911680281162262, 'class': 'milk_jug', 'class_id': 1, 'detection_id': 'bc9e295f-95fa-4a37-94cc-af7448b1f62b'}]"
cda7e8dc-66b6-4236-bed9-93f9e07c4345,0.0712856360000842,"{'width': 994, 'height': 520}","[{'x': 267.0, 'y': 468.0, 'width': 264.0, 'height': 102.0, 'confidence': 0.9116988182067871, 'class': 'milk_jug', 'class_id': 1, 'detection_id': '412a6009-7528-43dc-b643-8f89ef2fd96f'}]"
6d9ba475-ac37-4dcd-a553-67cdc077ec58,0.06287885599977017,"{'width': 994, 'height': 520}","[{'x': 275.0, 'y': 468.5, 'width': 264.0, 'height': 101.0, 'confidence': 0.9066397547721863, 'class': 'milk_jug', 'class_id': 1, 'detection_id': 'a1dc1874-ec46-4559-90e6-a6ecc69dfcb9'}]"
3fb532e0-7152-41c0-958b-c5558a4a31f9,0.06983099600029163,"{'width': 994, 'height': 520}","[{'x': 275.0, 'y': 468.5, 'width': 264.0, 'height': 101.0, 'confidence': 0.9066551923751831, 'class': 'milk_jug', 'class_id': 1, 'detection_id': '013d742b-f675-4b81-ae72-47a00e72c86e'}]"
d2f67f72-acc2-45dd-b400-44b24b2097c9,0.06554019199984396,"{'width': 994, 'height': 520}","[{'x': 284.5, 'y': 469.0, 'width': 267.0, 'height': 100.0, 'confidence': 0.8955034613609314, 'class': 'milk_jug', 'class_id': 1, 'detection_id': 'a4a8c404-508b-4eed-8a52-bdd187a809c7'}, {'x': 52.0, 'y': 232.5, 'width': 98.0, 'height': 107.0, 'confidence': 0.4641718566417694, 'class': 'plastic_bottle', 'class_id': 3, 'detection_id': '61320397-a440-4367-8ef0-6a61bd9e1ec1'}]"
e5ed646d-bf9f-4322-8fd2-bff250e80d9c,0.06483110699991812,"{'width': 994, 'height': 520}","[{'x': 284.5, 'y': 469.0, 'width': 267.0, 'height': 100.0, 'confidence': 0.8955233693122864, 'class': 'milk_jug', 'class_id': 1, 'detection_id': '5d256d1f-7628-4e7f-b8f7-b51023a76604'}, {'x': 52.0, 'y': 232.5, 'width': 98.0, 'height': 107.0, 'confidence': 0.4637052118778229, 'class': 'plastic_bottle', 'class_id': 3, 'detection_id': '21bdd137-5ee4-4e8e-a5be-2b8d2282abde'}]"
6f9935bb-9b60-42a1-ba37-a72990feea60,0.09363476399994397,"{'width': 994, 'height': 520}","[{'x': 284.5, 'y': 469.0, 'width': 267.0, 'height': 100.0, 'confidence': 0.8955234289169312, 'class': 'milk_jug', 'class_id': 1, 'detection_id': 'c4959a84-a6fb-4c1a-866a-54878f7425da'}, {'x': 52.0, 'y': 232.5, 'width': 98.0, 'height': 107.0, 'confidence': 0.4664027690887451, 'class': 'plastic_bottle', 'class_id': 3, 'detection_id': '52594fcc-7f33-4962-9aee-78f4b5362708'}]"
e55e0029-7c28-4ab0-b2a8-594cd71a8e4b,0.08435500600012347,"{'width': 994, 'height': 520}","[{'x': 287.5, 'y': 466.0, 'width': 267.0, 'height': 102.0, 'confidence': 0.8674904108047485, 'class': 'milk_jug', 'class_id': 1, 'detection_id': '9d047136-1550-447f-8699-7dfbc6bd6a89'}, {'x': 790.0, 'y': 172.0, 'width': 202.0, 'height': 74.0, 'confidence': 0.4954122304916382, 'class': 'can', 'class_id': 0, 'detection_id': 'ab17cdcf-1032-4851-9a24-230585c9a94b'}]"
6944dd53-7222-4ec0-aa48-20ae40160f5d,0.07568214499997339,"{'width': 994, 'height': 520}","[{'x': 292.5, 'y': 466.5, 'width': 269.0, 'height': 99.0, 'confidence': 0.8370782732963562, 'class': 'milk_jug', 'class_id': 1, 'detection_id': '92de8850-620a-4fa1-9a2f-8a0ad70e1b6e'}, {'x': 790.0, 'y': 172.5, 'width': 206.0, 'height': 75.0, 'confidence': 0.4739347994327545, 'class': 'can', 'class_id': 0, 'detection_id': 'f771890f-994e-4581-95f8-ce222f6ed323'}]"
fbe7cc7e-db28-4045-a9d5-c25e9883710e,0.07983034900007624,"{'width': 994, 'height': 520}","[{'x': 292.5, 'y': 466.5, 'width': 269.0, 'height': 99.0, 'confidence': 0.8370247483253479, 'class': 'milk_jug', 'class_id': 1, 'detection_id': 'ebcdc303-fa8c-439f-a2d6-5a46118b53fa'}, {'x': 789.5, 'y': 172.5, 'width': 205.0, 'height': 75.0, 'confidence': 0.4930856227874756, 'class': 'can', 'class_id': 0, 'detection_id': 'c5287dab-d7b0-46b9-a18a-8cc4c265443b'}]"
